Symbol,Name,Type,Date,Shares,Price,Cash value,Commission,Notes
IWDA.AS,iShares Core MSCI World UCITS ETF,Buy,"Jan 31, 2024",35,85.75,,0,
IWDA.AS,iShares Core MSCI World UCITS ETF,Buy,"Mar 4, 2024",25,89.36,,0,
IWDA.AS,iShares Core MSCI World UCITS ETF,Buy,"Apr 3, 2024",20,91.26,,0,
IWDA.AS,iShares Core MSCI World UCITS ETF,Buy,"May 2, 2024",25,89.4,,0,
IWDA.AS,iShares Core MSCI World UCITS ETF,Buy,"Jun 3, 2024",25,92.23,,0,
IWDA.AS,iShares Core MSCI World UCITS ETF,Buy,"Jul 1, 2024",22,94.98,,0,
IWDA.AS,iShares Core MSCI World UCITS ETF,Buy,"Jul 26, 2024",22,93.83,,0,
IWDA.AS,iShares Core MSCI World UCITS ETF,Buy,"Aug 29, 2024",22,95.5,,0,
IWDA.AS,iShares Core MSCI World UCITS ETF,Buy,"Sep 26, 2024",25,96.88,,0,
IWDA.AS,iShares Core MSCI World UCITS ETF,Buy,"Oct 1, 2024",20,97.22,,0,
IWDA.AS,iShares Core MSCI World UCITS ETF,Buy,"Oct 24, 2024",25,99.75,,0,
IWDA.AS,iShares Core MSCI World UCITS ETF,Buy,"Nov 5, 2024",25,98,,0,
IWDA.AS,iShares Core MSCI World UCITS ETF,Buy,"Nov 20, 2024",29,102.99,,0,
IWDA.AS,iShares Core MSCI World UCITS ETF,Buy,"Nov 29, 2024",100,104.79,,0,
IWDA.AS,iShares Core MSCI World UCITS ETF,Buy,"Dec 3, 2024",130,105.79,,0,
IWDA.AS,iShares Core MSCI World UCITS ETF,Buy,"Jun 5, 2025",30,100.23,,0,
IWDA.AS,iShares Core MSCI World UCITS ETF,Buy,"Jun 5, 2025",30,100.23,,0,
IWDA.AS,iShares Core MSCI World UCITS ETF,Buy,"Aug 4, 2025",20,102.36,,0,
MEUD.PA,Amundi Stoxx Europe 600 UCITS ETF C,Buy,"Sep 3, 2024",9,244.96,,0,
MEUD.PA,Amundi Stoxx Europe 600 UCITS ETF C,Buy,"Sep 26, 2024",10,245.1,,0,
MEUD.PA,Amundi Stoxx Europe 600 UCITS ETF C,Buy,"Oct 1, 2024",8,244.78,,0,
MEUD.PA,Amundi Stoxx Europe 600 UCITS ETF C,Buy,"Oct 24, 2024",7,242.9,,0,
MEUD.PA,Amundi Stoxx Europe 600 UCITS ETF C,Buy,"Nov 29, 2024",21,237.52,,0,
CSX5.AS,iShares Core EURO STOXX 50 ETF EUR Acc,Buy,"Apr 14, 2020",20,92.3,,0,
CSX5.AS,iShares Core EURO STOXX 50 ETF EUR Acc,Buy,"Jun 15, 2020",17,102.38,,0,
CSX5.AS,iShares Core EURO STOXX 50 ETF EUR Acc,Buy,"Aug 20, 2020",20,108.22,,0,
CSX5.AS,iShares Core EURO STOXX 50 ETF EUR Acc,Buy,"Oct 1, 2020",19,106.64,,0,
CSX5.AS,iShares Core EURO STOXX 50 ETF EUR Acc,Buy,"Nov 11, 2024",10,180.78,,0,
CSX5.AS,iShares Core EURO STOXX 50 ETF EUR Acc,Buy,"Nov 20, 2024",10,177.01,,0,
CSX5.AS,iShares Core EURO STOXX 50 ETF EUR Acc,Buy,"Jun 5, 2025",10,205.6,,0,
EUNA.AS,iShares STOXX Europe 50 UCITS ETF EUR (Dist),Buy,"Mar 12, 2020",75,26.72,,0,
EUNA.AS,iShares STOXX Europe 50 UCITS ETF EUR (Dist),Buy,"Mar 16, 2020",80,24.75,,0,
R2US.PA,SPDR Russell 2000 US Small Cap UCITS ETF,Buy,"Nov 29, 2024",200,66.63,,0,
L100.PA,Lyxor FTSE 100 UCITS ETF - Acc,Buy,"Dec 28, 2020",200,11.02,,0,
L100.PA,Lyxor FTSE 100 UCITS ETF - Acc,Buy,"Apr 6, 2021",200,12.2,,0,
EMIM.AS,iShares Core MSCI EM IMI UCITS ETF USD (Acc),Buy,"Jan 16, 2026",61,41,,0,
MCEU.PA,MSCI Europe Momentum Acc,Buy,"Jan 27, 2026",17,146.8,,0,
DUOL,Duolingo Inc.,Buy,"Jan 27, 2026",17,148.56,,0,
XPEV,XPeng Inc.,Buy,"Jan 16, 2026",160,20.82,,0,
GRAB,Grab Holdings,Buy,"Jan 13, 2026",515,4.88,,0,
GRAB,Grab Holdings,Buy,"Jan 16, 2026",555,4.55,,0,
FISV,Fiserv Inc.,Buy,"Nov 25, 2025",41,61.4,,0,
FISV,Fiserv Inc.,Buy,"Dec 1, 2025",39,63.67,,0,
PYPL,PayPal Holdings Inc.,Buy,"Nov 14, 2025",39,64.81,,0,
PYPL,PayPal Holdings Inc.,Buy,"Dec 31, 2025",42,59.31,,0,
LIN,Linde plc,Buy,"Nov 12, 2025",11,430.64,,0,
LIN,Linde plc,Buy,"Doc 1, 2025",6,415.41,,0,
ENX.PA,Euronext N.V.,Buy,"Oct 1, 2025",20,127.44,,0,
ORCL,Oracle Corporation,Buy,"Sep 25, 2025",15,292.33,,0,
ORCL,Oracle Corporation,Buy,"Oct 31, 2025",9,264.28,,0,
ORCL,Oracle Corporation,Buy,"Nov 21, 2025",12,204.7,,0,
ADBE,Adobe Inc.,Buy,"Sep 22, 2025",12,367,,0,
ADBE,Adobe Inc.,Buy,"Nov 21, 2025",8,315.75,,0,
NU,Nu Holdings Ltd.,Buy,"Aug 18, 2025",187,13.21,,0,
NU,Nu Holdings Ltd.,Buy,"Sep 4, 2025",187,15.04,,0,
NU,Nu Holdings Ltd.,Buy,"Sep 9, 2025",161,15.53,,0,
NU,Nu Holdings Ltd.,Buy,"Oct 15, 2025",164,15.35,,0,
ZTS,Zoetis Inc.,Buy,"Aug 18, 2025",16,155.5,,0,
ZTS,Zoetis Inc.,Buy,"Oct 3, 2025",17,148.47,,0,
ZTS,Zoetis Inc.,Buy,"Nov 14, 2025",20,122.56,,0,
HIMS,Hims & Hers Health Inc.,Buy,"Aug 14, 2025",51,47.93,,0,
HIMS,Hims & Hers Health Inc.,Buy,"Aug 19, 2025",57,43.29,,0,
HIMS,Hims & Hers Health Inc.,Buy,"Nov 11, 2025",64,39.51,,0,
HIMS,Hims & Hers Health Inc.,Buy,"Nov 13, 2025",65,38.66,,0,
HIMS,Hims & Hers Health Inc.,Buy,"Jan 21, 2026",61,30.11,,0,
RACE,Ferrari N.V.,Buy,"Aug 4, 2025",7,437.49,,0,
UNH,UnitedHealth Group Incorporated,Buy,"Aug 15, 2025",8,312.93,,0,
UNH,UnitedHealth Group Incorporated,Buy,"Aug 20, 2025",7,300.6,,0,
UNH,UnitedHealth Group Incorporated,Buy,"Sep 9, 2025",7,338.31,,0,
UNH,UnitedHealth Group Incorporated,Buy,"Oct 15, 2025",8,365.31,,0,
NVO,Novo Nordisk,Buy,"Jul 9, 2025",45,69.87,,0,
NVO,Novo Nordisk,Buy,"Aug 4, 2025",50,48.93,,0,
NVO,Novo Nordisk,Buy,"Oct 6, 2025",41,60.61,,0,
NVO,Novo Nordisk,Buy,"Nov 6, 2025",53,47.57,,0,
MEDP,Medpace Holdings,Buy,"Mai 28, 2025",11,301.2,,0,
CELH,Celsius Holdings,Buy,"Jan 7, 2025",110,29.25,,0,
DSFIR.AS,DSM-Firmenich AG,Buy,"Aug 14, 2025",30,83.18,,0,
STT.PA,SPDR MSCI Europe Communication Services UCITS ETF,Buy,"Mar 7, 2023",55,59.36,,0,
ERF.PA,Eurofins Scientific SE,Buy,"Dec 5, 2022",40,69.45,,0,
IBE.MC,Iberdrola,Buy,"Jun 16, 2022",220,9.92,,0,
UNA.AS,Unilever PLC,Buy,"Jan 17, 2022",50,44.01,,0,
ENI.MI,Eni S.p.A.,Buy,"Apr 6, 2021",200,10.6,,0,
ENI.MI,Eni S.p.A.,Buy,"Apr 23, 2021",145,10.23,,0,
ENI.MI,Eni S.p.A.,Buy,"Apr 30, 2021",200,10.04,,0,
SAN.MC,Banco Santander S.A.,Buy,"Mar 16, 2021",700,2.92,,0,
SAN.MC,Banco Santander S.A.,Buy,"Apr 23, 2021",650,2.86,,0,
SAN.MC,Banco Santander S.A.,Buy,"May 11, 2021",500,3.31,,0,
SAN.MC,Banco Santander S.A.,Buy,"Jul 1, 2021",600,3.31,,0,
IFX.DE,Infineon Technologies AG,Buy,"Mar 3, 2021",55,35.1,,0,
IFX.DE,Infineon Technologies AG,Buy,"May 10, 2021",50,32.75,,0,
VPK.AS,Royal Vopak N.V.,Buy,"Feb 25, 2021",50,40.74,,0,
VPK.AS,Royal Vopak N.V.,Buy,"Mar 2, 2021",40,40.13,,0,
B,Barrick Gold Corporation,Buy,"Feb 22, 2021",135,20.58,,0,
HAL.AS,HAL Trust,Buy,"Feb 18, 2021",13,136.42,,0,
HAL.AS,HAL Trust,Buy,"Mar 7, 2023",17,126.01,,0,
HAL.AS,HAL Trust,Buy,"Jun 3, 2024",15,117.34,,0,
HAL.AS,HAL Trust,Buy,"Aug 18, 2025",19,128.8,,0,
MCO,Moody's Corporation,Buy,"Feb 17, 2021",8,281.06,,0,
MCO,Moody's Corporation,Buy,"Apr 26, 2021",8,330.35,,0,
MCO,Moody's Corporation,Buy,"Mar 7, 2023",7,302.73,,0,
SK.PA,SEB SA,Buy,"Jan 29, 2021",12,155.45,,0,
SK.PA,SEB SA,Buy,"Mar 2, 2021",12,137.39,,0,
SK.PA,SEB SA,Buy,"Apr 30, 2021",13,153.68,,0,
SK.PA,SEB SA,Buy,"Mai 30, 2025",25,88.84,,0,
SK.PA,SEB SA,Sell,"Oct 13, 2025",62,51.29,,0,
EOAN.DE,E.ON,Buy,"Jan 26, 2021",250,8.84,,0,
KO,Coca Cola,Buy,"Jan 25, 2021",55,48.76,,0,
KO,Coca Cola,Sell,"Jul 29, 2022",55,63.35,,0,
CACC.PA,Lyxor CAC 40 (DR) UCITS ETF Acc,Buy,"Jan 12, 2021",100,24.55,,0,
CACC.PA,Lyxor CAC 40 (DR) UCITS ETF Acc,Sell,"Nov 29, 2024",100,33.97,,0,
IAEX.AS,iShares AEX UCITS ETF EUR (Dist),Buy,"Jan 12, 2021",40,64.56,,0, 
IAEX.AS,iShares AEX UCITS ETF EUR (Dist),Sell,"Nov 29, 2024",40,87.43,,0, 
OR.PA,L'Oreal,Buy,"Jan 12, 2021",7,302.64,,0,
OR.PA,L'Oreal,Buy,"Mar 7, 2022",6,328.74,,0,
BNKE.PA,Lyxor EURO STOXX Banks UCITS ETF P Acc,Buy,"Dec 22, 2020",35,68.75,,0,
BNKE.PA,Lyxor EURO STOXX Banks UCITS ETF P Acc,Buy,"Jan 25, 2021",30,68.6,,0,
BNKE.PA,Lyxor EURO STOXX Banks UCITS ETF P Acc,Buy,"Apr 6, 2021",23,84.67,,0,
BNKE.PA,Lyxor EURO STOXX Banks UCITS ETF P Acc,Sell,"Nov 29, 2024",88,160.05,,0,
CRM,Salesforce,Buy,"Dec 21, 2020",12,226.69,,0,
CRM,Salesforce,Buy,"Feb 10, 2021",11,239.36,,0,
HAL.AS,HAL Trust,Buy,"Dec 15, 2020",20,118.1,,0,
MO,Altria,Buy,"Dec 8, 2020",70,42.1,,0,
MO,Altria,Sell,"Nov 29, 2024",70,57.17,,0,
TNET.BR,Telenet Group Holding NV,Buy,"Dec 4, 2020",55,35.39,,0,
TNET.BR,Telenet Group Holding NV,Buy,"Feb 12, 2021",40,35.81,,0,
TNET.BR,Telenet Group Holding NV,Buy,"Feb 16, 2021",45,35.18,,0,
TNET.BR,Telenet Group Holding NV,Buy,"Feb 14, 2022",60,31.83,,0,
TNET.BR,Telenet Group Holding NV,Sell,"Oct 1, 2023",200,21.00,,0,
INTC,Intel Corporation,Buy,"Nov 23, 2020",55,46.33,,0,
INTC,Intel Corporation,Sell,"Dec 4, 2024",55,22.56,,0,
ALO.PA,Alstom SA,Buy,"Nov 19, 2020",43,44.42,,0,
ALO.PA,Alstom SA,Buy,"Jan 13, 2021",30,47.29,,0,
ALO.PA,Alstom SA,Buy,"Feb 24, 2021",37,41.92,,0,
ALO.PA,Alstom SA,Buy,"Mar 18, 2021",40,41.99,,0,
ALO.PA,Alstom SA,Buy,"Jul 6, 2021",45,41.36,,0,
ALO.PA,Alstom SA,Buy,"Nov 30, 2021",60,32.17,,0,
ALO.PA,Alstom SA,Buy,"Jan 14, 2022",65,33.97,,0,
ALO.PA,Alstom SA,Buy,"Feb 22, 2022",80,25.08,,0,
ALO.PA,Alstom SA,Sell,"Oct 14, 2022",155,17.66,,0,
ALO.PA,Alstom SA,Buy,"Mar 7, 2023",80,28.38,,0,
ALO.PA,Alstom SA,Buy,"Jul 11, 2023",70,26.24,,0,
ALO.PA,Alstom SA,Buy,"Jun 18, 2024",80,13,,0,
ALO.PA,Alstom SA,Sell,"Nov 14, 2024",100,21.11,,0,
AKAM,"Akamai Technologies, Inc.",Buy,"May 17, 2017",23,48.24,,32.6,
AKAM,"Akamai Technologies, Inc.",Buy,"Jul 26, 2017",30,45.8574,,34.79,
AKAM,"Akamai Technologies, Inc.",Sell,"Dec 18, 2017",53,65.24,,0,
AKAM,"Akamai Technologies, Inc.",Buy,"Nov 17, 2020",26,102.8,,0,
AKAM,"Akamai Technologies, Inc.",Buy,"Feb 10, 2021",22,107.26,,0,
AKAM,"Akamai Technologies, Inc.",Sell,"Feb 24, 2023",48,72.81,,0,
PFE,Pfizer,Buy,"Nov 17, 2020",70,36.73,,0,
PFE,Pfizer,Sell,"Feb 21, 2023",70,39.87,,0,
FGR.PA,Eiffage,Buy,"Nov 17, 2020",23,84,,0,
FGR.PA,Eiffage,Buy,"Feb 26, 2021",18,86.44,,0,
FGR.PA,Eiffage,Sell,"Oct 25, 2022",41,86.14,,0,
MSFT,Microsoft Corporation,Buy,"Oct 6, 2020",14,206.54,,0,
MSFT,Microsoft Corporation,Buy,"Jan 27, 2021",11,236.73,,0,
MSFT,Microsoft Corporation,Buy,"Feb 17, 2021",10,243,,0,
MSFT,Microsoft Corporation,Buy,"Apr 6, 2021",6,250.55,,0,
MSFT,Microsoft Corporation,Buy,"Jan 24, 2022",9,294.2,,0,
MSFT,Microsoft Corporation,Sell,"Jul 15, 2022",19,253.85,,0,
MSFT,Microsoft Corporation,Buy,"Mar 6, 2023",9,260.65,,0,
MSFT,Microsoft Corporation,Buy,"Nov 29, 2024",5,424.64,,0,
MSFT,Microsoft Corporation,Buy,"Jan 21, 2026",5,455.5,,0,
GOOG,Google,Buy,"Nov 29, 2024",25,171.25,,0,
ASML.AS,ASML Holding N.V.,Buy,"Oct 5, 2020",7,322.51,,0,
ASML.AS,ASML Holding N.V.,Sell,"Oct 19, 2022",7,422.32,,0,
ASML.AS,ASML Holding N.V.,Buy,"Aug 4, 2025",4,606.45,,0,
ASML.AS,ASML Holding N.V.,Buy,"Aug 13, 2025",3,648,,0,
MF.PA,Wendel,Buy,"Sep 11, 2020",22,85.74,,0,
MF.PA,Wendel,Buy,"Dec 16, 2021",21,101.22,,0,
MF.PA,Wendel,Buy,"Jan 18, 2022",16,102.47,,0,
MF.PA,Wendel,Buy,"Mar 28, 2022",23,92.77,,0,
MF.PA,Wendel,Buy,"May 2, 2022",22,93.64,,0,
CPINV.BR,Care Property Invest NV,Buy,"Sep 2, 2020",80,26.92,,0,
CPINV.BR,Care Property Invest NV,Buy,"Mar 17, 2021",75,25.23,,0,
CPINV.BR,Care Property Invest NV,Buy,"Jan 26, 2023",53,12,,0,
S30.PA,Solutions 30 SE,Buy,"Aug 27, 2020",130,14.35,,0,
S30.PA,Solutions 30 SE,Sell,"Feb 16, 2021",130,10.13,,0,
S30.PA,Solutions 30 SE,Buy,"Apr 7, 2021",100,12.14,,0,
S30.PA,Solutions 30 SE,Sell,"May 24, 2021",100,2.77,,0,
OCI.AS,OCI N.V.,Buy,"Aug 27, 2020",130,12.4,,0,
OCI.AS,OCI N.V.,Sell,"Sep 14, 2021",130,21.05,,0,
TEP.PA,Teleperformance SE,Buy,"Aug 27, 2020",7,264.41,,0,
TEP.PA,Teleperformance SE,Buy,"Feb 19, 2021",6,287.92,,0,
TEP.PA,Teleperformance SE,Buy,"Apr 26, 2021",5,331.7,,0,
TEP.PA,Teleperformance SE,Buy,"Jul 1, 2021",5,343.14,,0,
TEP.PA,Teleperformance SE,Buy,"Nov 8, 2022",8,259.08,,0,
TEP.PA,Teleperformance SE,Buy,"Nov 10, 2022",9,243.85,,0,
TEP.PA,Teleperformance SE,Sell,"Nov 14, 2022",9,196.92,,0,
TEP.PA,Teleperformance SE,Sell,"Nov 15, 2022",9,217.35,,0,
TEP.PA,Teleperformance SE,Buy,"Jan 19, 2024",15,142.57,,0,
TEP.PA,Teleperformance SE,Sell,"Dec 3, 2024",37,85.86,,0,
HPE,Hewlett Packard Enterprise Company,Buy,"Aug 26, 2020",250,10.17,,0,
HPE,Hewlett Packard Enterprise Company,Sell,"Mar 13, 2021",250,15.59,,0,
COMB.BR,Compagnie du Bois Sauvage SA,Buy,"Aug 25, 2020",6,317.31,,0,
COMB.BR,Compagnie du Bois Sauvage SA,Buy,"Jul 1, 2021",5,369.73,,0,
COMB.BR,Compagnie du Bois Sauvage SA,Buy,"May 12, 2022",6,334.37,,0,
NOVN.SW,Novartis AG,Buy,"Aug 21, 2020",28,80.29,,0,
NOVN.SW,Novartis AG,Sell,"Jan 8, 2026",28,122.52,,0,
BAR.BR,Barco NV,Buy,"Aug 20, 2020",120,16.57,,0,
BAR.BR,Barco NV,Sell,"Aug 3, 2021",120,20.82,,0,
BAR.BR,Barco NV,Buy,"Sep 20, 2021",100,18.94,,0,
BAR.BR,Barco NV,Buy,"Oct 20, 2021",100,18.34,,0,
BAR.BR,Barco NV,Sell,"Jul 29, 2022",200,25.44,,0,
KIN.BR,Kinepolis Group NV,Buy,"Aug 20, 2020",60,30.03,,0,
KIN.BR,Kinepolis Group NV,Sell,"Dec 14, 2020",60,31.82,,0,
BRFS,BRF S.A.,Buy,"Aug 19, 2020",700,3.92,,0,
BRFS,BRF S.A.,Sell,"Dec 8, 2020",700,4.53,,0,
RTX,Raytheon Technologies Corporation,Buy,"Jul 9, 2020",37,60.41,,0,
RTX,Raytheon Technologies Corporation,Sell,"Jul 20, 2022",37,93.78,,0,
WLN.PA,Worldline S.A.,Buy,"Jun 15, 2020",22,66.27,,0,
WLN.PA,Worldline S.A.,Buy,"Jan 15, 2021",20,75.95,,0,
WLN.PA,Worldline S.A.,Buy,"Mar 2, 2021",22,74.9,,0,
WLN.PA,Worldline S.A.,Sell,"Oct 13, 2022",64,42.01,,0,
BAS.DE,BASF,Buy,"Jun 15, 2020",35,50.25,,0,
BAS.DE,BASF,Buy,"Jan 25, 2021",28,65.78,,0,
BAS.DE,BASF,Buy,"Feb 10, 2021",27,67.5,,0,
BAS.DE,BASF,Buy,"Mar 2, 2022",40,53.03,,0,
DIM.PA,Sartorius Stedim Biotech S.A.,Buy,"Jun 12, 2020",9,212.62,,0,
DIM.PA,Sartorius Stedim Biotech S.A.,Sell,"Jul 16, 2020",9,252.82,,0,
RI.PA,Pernod Ricard SA,Buy,"Jun 11, 2020",11,143.99,,0,
RI.PA,Pernod Ricard SA,Buy,"Jan 4, 2021",10,161.38,,0,
RI.PA,Pernod Ricard SA,Buy,"Feb 19, 2021",10,166.45,,0,
RI.PA,Pernod Ricard SA,Buy,"Apr 23, 2021",9,176.29,,0,
RI.PA,Pernod Ricard SA,Buy,"Oct 16, 2025",25,86.95,,0,
RI.PA,Pernod Ricard SA,Sell,"Jan 7, 2026",65,72.2,,0,
AKE.PA,Arkema,Buy,"Jun 11, 2020",20,80.47,,0,
AKE.PA,Arkema,Buy,"Jun 9, 2022",18,115.89,,0,
AKE.PA,Arkema,Buy,"Nov 17, 2023",22,94.79,,0,
AKE.PA,Arkema,Sell,"Jan 7, 2026",60,52.8,,0,
UBI.PA,Ubisoft Entertainment SA,Buy,"Jun 2, 2020",19,71.26,,0,
UBI.PA,Ubisoft Entertainment SA,Buy,"Apr 13, 2021",25,67.1,,0,
UBI.PA,Ubisoft Entertainment SA,Buy,"May 7, 2021",25,62.71,,0,
UBI.PA,Ubisoft Entertainment SA,Buy,"May 12, 2021",22,57.04,,0,
UBI.PA,Ubisoft Entertainment SA,Sell,"Sep 30, 2024",91,10.52,,0,
BRK-B,Berkshire Hathaway Inc.,Buy,"May 4, 2020",12,181.52,,0,
BRK-B,Berkshire Hathaway Inc.,Buy,"Aug 24, 2022",10,291.39,,0,
BRK-B,Berkshire Hathaway Inc.,Buy,"Mar 7, 2023",8,318.89,,0,
BRK-B,Berkshire Hathaway Inc.,Buy,"Nov 29, 2024",8,485.94,,0,
BRK-B,Berkshire Hathaway Inc.,Buy,"Dec 4, 2024",11,471.91,,0,
BRK-B,Berkshire Hathaway Inc.,Buy,"Jun 4, 2025",6,496.27,,0,
BRK-B,Berkshire Hathaway Inc.,Buy,"Oct 15, 2025",5,497.93,,0,
EDEN.PA,Edenred SA,Buy,"May 4, 2020",45,35.04,,0,
EDEN.PA,Edenred SA,Buy,"Feb 17, 2021",35,48.15,,0,
EDEN.PA,Edenred SA,Sell,"Nov 2, 2022",80,52.3,,0,
SPYD.DE,SPDR S&P US Div Aristocrats UCITS ETF,Buy,"May 4, 2020",40,42.95,,0,
SPYD.DE,SPDR S&P US Div Aristocrats UCITS ETF,Buy,"Jun 15, 2020",45,43.96,,0,
SPYD.DE,SPDR S&P US Div Aristocrats UCITS ETF,Buy,"Aug 19, 2020",50,45.15,,0,
DG.PA,VINCI SA,Buy,"May 4, 2020",22,70.43,,0,
DG.PA,VINCI SA,Buy,"Jan 22, 2021",17,80.65,,0,
DG.PA,VINCI SA,Buy,"Apr 26, 2021",20,88.4,,0,
DG.PA,VINCI SA,Buy,"Jul 15, 2021",20,89.71,,0,
DG.PA,VINCI SA,Sell,"Nov 30, 2022",79,95.79,,0,
DG.PA,VINCI SA,Buy,"Mar 23, 2023",25,106.58,,0,
SAP.DE,SAP SE,Buy,"May 4, 2020",17,107.15,,0,
SAP.DE,SAP SE,Buy,"Feb 10, 2021",20,108.22,,0,
SAP.DE,SAP SE,Buy,"Apr 9, 2021",18,111.53,,0,
COFB.BR,Cofinimmo SA,Buy,"Apr 29, 2020",15,122.63,,0,
COFB.BR,Cofinimmo SA,Buy,"Aug 20, 2020",13,123.1,,0,
COFB.BR,Cofinimmo SA,Buy,"Mar 19, 2021",16,124.8,,0,
COFB.BR,Cofinimmo SA,Buy,"May 11, 2021",12,130.76,,0,
COFB.BR,Cofinimmo SA,Buy,"May 24, 2024",38,60.63,,0,
COFB.BR,Cofinimmo SA,Buy,"Jun 11, 2024",20,58.37,,0,
AED.BR,Aedifica SA,Buy,"Apr 24, 2020",27,89.38,,0,
AED.BR,Aedifica SA,Buy,"Oct 27, 2020",10,83.5,,0,
AED.BR,Aedifica SA,Buy,"Feb 24, 2021",17,105.95,,0,
AED.BR,Aedifica SA,Buy,"Apr 1, 2021",20,100.13,,0,
AED.BR,Aedifica SA,Buy,"Jun 10, 2021",16,104.28,,0,
AED.BR,Aedifica SA,Buy,"Oct 31, 2023",36,51.81,,0,
AED.BR,Aedifica SA,Buy,"Feb 23, 2024",35,55.92,,0,
DSY.PA,Dassault Systemes SE,Buy,"Apr 2, 2020",12,126.25,,0,
DSY.PA,Dassault Systemes SE,Buy,"Feb 23, 2021",10,176.79,,0,
DSY.PA,Dassault Systemes SE,Sell,"Jul 7, 2021",22,211.35,,0,
DSY.PA,Dassault Systemes SE,Buy,"Jul 7, 2021",110,42.27,,0,
DSY.PA,Dassault Systemes SE,Buy,"Nov 30, 2021",110,53.91,,0,
DSY.PA,Dassault Systemes SE,Sell,"Dec 29, 2021",80,53.17,,0,
DSY.PA,Dassault Systemes SE,Sell,"Jan 24, 2022",50,44.25,,0,
DSY.PA,Dassault Systemes SE,Sell,"Jul 8, 2022",90,37.06,,0,
VIV.PA,Vivendi SA,Buy,"Apr 2, 2020",80,19.7,,0,
VIV.PA,Vivendi SA,Buy,"Feb 8, 2021",80,26.21,,0,
VIV.PA,Vivendi SA,Sell,"Feb 15, 2021",70,30.27,,0,
VIV.PA,Vivendi SA,Buy,"Apr 20, 2021",70,28.8,,0,
VIV.PA,Vivendi SA,Buy,"Jun 22, 2021",60,28.96,,0,
VIV.PA,Vivendi SA,Sell,"Sep 14, 2021",220,32.52,,0,
AGS.BR,ageas,Buy,"Mar 23, 2020",68,26.07,,0,
AGS.BR,ageas,Buy,"Apr 30, 2020",35,33.32,,0,
AGS.BR,ageas,Buy,"Aug 27, 2020",40,36.87,,0,
AGS.BR,ageas,Buy,"Jul 20, 2020",45,43.24,,0,
AGS.BR,ageas,Buy,"Nov 9, 2021",45,42.41,,0,
WHATS.BR,Whats Cooking,Buy,"Mar 17, 2020",17,100.38,,0,
JEN.BR,Jensen-Group NV,Buy,"Mar 17, 2020",75,20.17,,0,
JEN.BR,Jensen-Group NV,Sell,"Aug 13, 2021",75,31.29,,0,
GIMB.BR,GIMV NV,Buy,"Mar 16, 2020",40,43.53,,0,
GIMB.BR,GIMV NV,Buy,"Feb 14, 2025",11,34.5,,0,
AI.PA,Air Liquide S.A.,Buy,"Mar 16, 2020",18,101.8,,0,
AI.PA,Air Liquide S.A.,Buy,"Apr 24, 2020",11,118.35,,0,
AI.PA,Air Liquide S.A.,Buy,"Dec 15, 2020",11,136.36,,0,
AI.PA,Air Liquide S.A.,Buy,"Jan 12, 2021",10,136.64,,0,
AI.PA,Air Liquide S.A.,Buy,"Feb 8, 2021",11,137.52,,0,
AI.PA,Air Liquide S.A.,Buy,"Feb 17, 2021",11,135.6,,0,
AI.PA,Air Liquide S.A.,Buy,"Apr 30, 2021",12,142.19,,0,
AI.PA,Air Liquide S.A.,Buy,"Sep 14, 2021",12,148.93,,0,
AI.PA,Air Liquide S.A.,Buy,"Oct 26, 2021",13,145.07,,0,
AI.PA,Air Liquide S.A.,Buy,"Jun 6, 2022",10,0,,0,
AI.PA,Air Liquide S.A.,Buy,"Jun 10, 2022",15,140.75,,0,
AI.PA,Air Liquide S.A.,Buy,"Nov 14, 2024",13,162.54,,0,
AI.PA,Air Liquide S.A.,Buy,"Dec 3, 2024",15,161.43,,0,
AI.PA,Air Liquide S.A.,Buy,"Dec 9, 2025",15,161.96,,0,
EL.PA,EssilorLuxottica Societe anonyme,Buy,"Mar 12, 2020",18,99.59,,0,
EL.PA,EssilorLuxottica Societe anonyme,Buy,"Apr 1, 2020",15,94.28,,0,
DIS,The Walt Disney Company,Buy,"Mar 12, 2020",25,96.38,,0,
DIS,The Walt Disney Company,Buy,"Dec 13, 2021",14,151.16,,0,
DIS,The Walt Disney Company,Buy,"Nov 9, 2022",24,88.91,,0,
ARGX.BR,argenx SE,Buy,"Mar 12, 2020",14,107.89,,0,
ARGX.BR,argenx SE,Sell,"Jul 14, 2022",7,357.45,,0,
ARGX.BR,argenx SE,Sell,"Jul 14, 2022",7,358.84,,0,
SCR.PA,SCOR SE,Buy,"Mar 12, 2020",65,24.49,,0,
SCR.PA,SCOR SE,Buy,"Oct 2, 2020",70,23.58,,0,
SCR.PA,SCOR SE,Buy,"Jan 22, 2021",50,27.79,,0,
SCR.PA,SCOR SE,Buy,"Jun 25, 2021",70,26.73,,0,
SCR.PA,SCOR SE,Buy,"Jul 19, 2021",80,24.42,,0,
SCR.PA,SCOR SE,Buy,"May 20, 2022",80,26.22,,0,
SCR.PA,SCOR SE,Buy,"Jun 10, 2024",55,25.78,,0,
MITRA.BR,Mithra Pharmaceuticals S.A.,Buy,"Mar 11, 2020",90,19.95,,0,
MITRA.BR,Mithra Pharmaceuticals S.A.,Buy,"Mar 16, 2020",130,13.7,,0,
MITRA.BR,Mithra Pharmaceuticals S.A.,Buy,"Jun 19, 2020",80,19.48,,0,
MITRA.BR,Mithra Pharmaceuticals S.A.,Buy,"Dec 10, 2020",60,20.54,,0,
MITRA.BR,Mithra Pharmaceuticals S.A.,Buy,"Sep 22, 2021",100,18.1,,0,
MITRA.BR,Mithra Pharmaceuticals S.A.,Sell,"Feb 7, 2024",460,0.54,,0,
BIM.PA,BioMerieux S.A.,Buy,"Mar 9, 2020",20,80.37,,0,
BIM.PA,BioMerieux S.A.,Sell,"Sep 9, 2020",20,117.7,,0,
MDT,Medtronic plc,Buy,"Feb 19, 2020",19,111.59,,0,
MDT,Medtronic plc,Buy,"May 5, 2020",11,97.78,,0,
MDT,Medtronic plc,Sell,"Oct 9, 2020",30,108.64,,0,
DECB.BR,Deceuninck NV,Buy,"Feb 26, 2020",1000,1.948,,0,
DECB.BR,Deceuninck NV,Sell,"Jan 26, 2021",1000,2.36,,0,
ADP.PA,Groupe ADP,Buy,"Feb 26, 2020",10,151.1,,0,
ADP.PA,Groupe ADP,Buy,"Feb 24, 2020",10,161.33,,0,
ADP.PA,Groupe ADP,Sell,"Nov 13, 2020",20,105.75,,0,
MC.PA,LVMH,Buy,"Feb 24, 2020",4,383.77,,0,
MC.PA,LVMH,Buy,"Sep 23, 2021",3,656.63,,0,
MC.PA,LVMH,Buy,"Jun 19, 2025",5,465.26,,0,
MC.PA,LVMH,Buy,"Jul 4, 2025",5,486.72,,0,
MDW.PA,MediaWan,Buy,"Feb 3, 2020",120,10.32,,0,
MDW.PA,MediaWan,Sell,"Jun 22, 2020",120,11.78,,0,
KPN.AS,KPN,Buy,"Jan 29, 2020",600,2.52,,0,
KPN.AS,KPN,Sell,"Mar 31, 2023",600,3.25,,0,
KER.PA,Kering,Buy,"Jan 27, 2020",3,556.48,,0,
KER.PA,Kering,Buy,"May 6, 2020",3,444.89,,0,
KER.PA,Kering,Buy,"Feb 17, 2021",3,524.37,,0,
KER.PA,Kering,Buy,"Jun 17, 2025",9,189.77,,0,
LOUP.PA,LDC,Buy,"Jan 22, 2020",11,106.25,,0,
LOUP.PA,LDC,Buy,"Jan 28, 2021",15,100.8,,0,
LOUP.PA,LDC,Sell,"Oct 13, 2022",26,89.11,,0,
GNFT.PA,Genfit,Buy,"Jan 22, 2020",60,18.43,,0,
GNFT.PA,Genfit,Sell,"May 15, 2020",60,5.14,,0,
TRI.PA,Trigano,Buy,"Jan 16, 2020",17,96.46,,0,
TRI.PA,Trigano,Buy,"May 11, 2020",19,70.06,,0,
TRI.PA,Trigano,Sell,"Feb 15, 2021",18,148.63,,0,
TRI.PA,Trigano,Sell,"Jul 8, 2022",18,95.51,,0,
PEUG.PA,Peugeot Invest,Buy,"Jan 16, 2020",14,101.65,,0,
PEUG.PA,Peugeot Invest,Buy,"Aug 26, 2020",20,70.03,,0,
LIN.PA,LineData,Buy,"Jan 14, 2020",45,29.42,,0,
LIN.PA,LineData,Sell,"Sep 23, 2021",45,38.25,,0,
ML.PA,Michelin,Buy,"Jan 14, 2020",17,110.96,,0,
ML.PA,Michelin,Buy,"Mar 12, 2020",19,80.49,,0,
ML.PA,Michelin,Buy,"Jun 19, 2020",16,90.82,,0,
ML.PA,Michelin,Buy,"Apr 27, 2021",13,126.39,,0,
ML.PA,Michelin,Buy,"May 4, 2021",13,120.77,,0,
ML.PA,Michelin,Buy,"Sep 9, 2021",14,136.37,,0,
ML.PA,Michelin,Sell,"Nov 22, 2021",17,137.14,,0,
ML.PA,Michelin,Buy,"May 2, 2022",17,116.52,,0,
ML.PA,Michelin,Sell,"Jun 16, 2022",92,105.44,,0,
ML.PA,Michelin,Buy,"Jun 16, 2022",368,26.36,,0,
ML.PA,Michelin,Sell,"Nov 7, 2022",118,26.03,,0,
ML.PA,Michelin,Sell,"Nov 8, 2022",100,26.22,,0,
ML.PA,Michelin,Buy,"Jun 23, 2023",80,26.58,,0,
GILD,Gilead Sciences,Buy,"Dec 30, 2019",35,65.64,,0,
GILD,Gilead Sciences,Buy,"Sep 21, 2020",30,64.31,,0,
GILD,Gilead Sciences,Buy,"Oct 20, 2020",30,60.8,,0,
GILD,Gilead Sciences,Buy,"Apr 30, 2021",30,63.65,,0,
GILD,Gilead Sciences,Sell,"Oct 28, 2022",55,77.15,,0,
GILD,Gilead Sciences,Sell,"Nov 22, 2022",70,84.09,,0,
OBEL.BR,Orange Belgium,Buy,"Dec 10, 2019",80,19.22,,0,
OBEL.BR,Orange Belgium,Sell,"Feb 5, 2021",80,22.58,,0,
PRX.AS,Prosus NV,Buy,"Dec 10, 2019",25,60.5,,0,
PRX.AS,Prosus NV,Buy,"Apr 8, 2021",25,96.32,,0,
PRX.AS,Prosus NV,Buy,"May 13, 2021",20,85.99,,0,
PRX.AS,Prosus NV,Buy,"Jun 8, 2021",20,86.8,,0,
PRX.AS,Prosus NV,Buy,"Jun 11, 2021",22,86.15,,0,
PRX.AS,Prosus NV,Sell,"Jul 8, 2022",52,69.97,,0,
PRX.AS,Prosus NV,Sell,"Sep 14, 2023",60,65.4,,0,
PRX.AS,Prosus NV,Buy,"Sep 14, 2023",130,30,,0,
AA,Alcoa CORP,Buy,"Dec 5, 2019",105,20.08,,0,
AA,Alcoa CORP,Sell,"Dec 3, 2020",105,21.44,,0,
AC.PA,Accor SA,Buy,"Dec 3, 2019",40,37.98,,0,
AC.PA,Accor SA,Buy,"Sep 8, 2020",45,25.91,,0,
AC.PA,Accor SA,Sell,"Nov 16, 2020",85,28.58,,0,
GTT.PA,Gaztransport et Technigaz SA,Buy,"Nov 19, 2019",20,82.47,,0,
GTT.PA,Gaztransport et Technigaz SA,Buy,"May 19, 2020",20,65.31,,0,
GTT.PA,Gaztransport et Technigaz SA,Sell,"Feb 22, 2021",40,69.51,,0,
GTT.PA,Gaztransport et Technigaz SA,Buy,"Apr 12, 2021",28,67.78,,0,
GTT.PA,Gaztransport et Technigaz SA,Buy,"May 26, 2021",30,69.37,,0,
GTT.PA,Gaztransport et Technigaz SA,Sell,"Jul 18, 2022",28,126.8,,0,
GTT.PA,Gaztransport et Technigaz SA,Sell,"Nov 30, 2022",30,119.06,,0,
GTT.PA,Gaztransport et Technigaz SA,Buy,"Jan 5, 2023",30,96.55,,0,
HO.PA,Thales,Buy,"Dec 2, 2019",18,88,,0,
HO.PA,Thales,Buy,"Jan 18, 2021",20,76.61,,0,
HO.PA,Thales,Buy,"Feb 17, 2021",22,77.41,,0,
HO.PA,Thales,Sell,"Jun 28, 2022",30,114.87,,0,
HO.PA,Thales,Sell,"Jul 1, 2022",30,120.5,,0,
PNL.AS,PostNL NV,BUY,"Feb 5, 2015",275,3.38,,0,
PNL.AS,PostNL NV,SELL,"May 7, 2015",275,4.3464,,0,
PNL.AS,PostNL NV,Buy,"Mar 15, 2018",350,3.157,,0,
PNL.AS,PostNL NV,Sell,"Jan 20, 2020",350,3.18,,0,
EQNR.OL,Equinor,Buy,"May 23, 2018",61,137.1,,0,
EQNR.OL,Equinor,Sell,"Oct 18, 2022",61,358.86,,0,
AIR.PA,Airbus SE,Buy,"Dec 16, 2014",23,40.46,-930.58,0,
AIR.PA,Airbus SE,Sell,"May 27, 2015",-23,64.9326,1493.44,0,
AIR.PA,Airbus SE,Buy,"Aug 21, 2015",16,58.2,,8.51,
AIR.PA,Airbus SE,Buy,"May 15, 2018",14,96.63,,0,
AIR.PA,Airbus SE,Sell,"Feb 18, 2020",15,130.89,,0,
AIR.PA,Airbus SE,Buy,"Mar 20, 2020",30,60.64,,0,
AIR.PA,Airbus SE,Sell,"Jul 15, 2020",22,69.01,,0,
AIR.PA,Airbus SE,Buy,"Nov 19, 2021",17,111.06,,0,
AIR.PA,Airbus SE,Buy,"May 9, 2022",22,105.41,,0,
AIR.PA,Airbus SE,Sell,"Feb 23, 2023",27,122.21,,0,
RAL.PA,Rallye SA,Buy,"Dec 9, 2014",35,28.85,,0,
RAL.PA,Rallye SA,Sell,"Nov 16, 2020",35,4.74,,0,
ILF,iShares S&P Latin America 40 Index (ETF),Buy,"Mar 3, 2015",40,31.59,,0,
ILF,iShares S&P Latin America 40 Index (ETF),Sell,"Mar 5, 2015",40,26.52,,0,
EVS.BR,EVS Broadcast Equipment SA,Buy,"Jan 13, 2015",37,26.45,-978.65,0,
EVS.BR,EVS Broadcast Equipment SA,Sell,"Sep 6, 2016",-37,32.48,1191.77,9.99,
EVS.BR,EVS Broadcast Equipment SA,Buy,"Apr 3, 2019",60,21.14,,0,
EVS.BR,EVS Broadcast Equipment SA,Buy,"Dec 13, 2019",60,20.69,,0,
EVS.BR,EVS Broadcast Equipment SA,Buy,"Feb 25, 2021",80,16.54,,0,
EVS.BR,EVS Broadcast Equipment SA,Sell,"Dec 30, 2022",200,22.07,,0,
MT.AS,ArcelorMittal SA,Buy,"May 23, 2017",43,20.2,,0,
MT.AS,ArcelorMittal SA,Buy,"Aug 2, 2019",79,13.72,,0,
MT.AS,ArcelorMittal SA,Buy,"Dec 15, 2020",65,18.71,,0,
MT.AS,ArcelorMittal SA,Buy,"Mar 3, 2021",95,19.89,,0,
MT.AS,ArcelorMittal SA,Sell,"Aug 6, 2021",147,29.42,,0,
MT.AS,ArcelorMittal SA,Sell,"Oct 28, 2021",135,29.4,,0,
PFV.DE,Pfeiffer Vacuum Technology AG,Buy,"Mar 9, 2015",10,78.87,-788.70,0,
PFV.DE,Pfeiffer Vacuum Technology AG,Sell,"Oct 2, 2015",-10,103.11,1013.82,17.28,
FXI,iShares FTSE/Xinhua China 25 Index (ETF),Buy,"Mar 10, 2015",28,42.12,,0,
FXI,iShares FTSE/Xinhua China 25 Index (ETF),Sell,"Mar 5, 2021",28,47.81,,0,
CGG.PA,CGG SA,Buy,"Mar 12, 2015",110,5.88,-646.80,0,
CGG.PA,CGG SA,Buy,"Aug 4, 2015",100,4.25,-433.00,8,
CGG.PA,CGG SA,Sell,"Jan 19, 2016",-210,0.86,174.11,6.49,
CGG.PA,CGG SA,Buy,"Feb 9, 2016",630,0.66,-415.80,0,
CGG.PA,CGG SA,Sell,"Feb 9, 2016",630,0.66,-415.80,0,
CGG.PA,CGG SA,Buy,"Feb 9, 2016",19.6875,21.12,-415.80,0,split 1-32
CGG.PA,CGG SA,Sell,"Dec 23, 2016",19.6875,13.61,257.49,10.45,
BEKB.BR,NV Bekaert SA,Buy,"Apr 7, 2015",36,25.428,-915.40,0,
BEKB.BR,NV Bekaert SA,Sell,"Apr 21, 2016",-36,38.64,1380.53,10.51,
BEKB.BR,NV Bekaert SA,Buy,"Aug 8, 2017",25,40.88,,2.76,
BEKB.BR,NV Bekaert SA,Buy,"Aug 11, 2017",30,40.12,,3.25,
BEKB.BR,NV Bekaert SA,Buy,"Nov 27, 2017",20,35.91,-718.20,0,
BEKB.BR,NV Bekaert SA,Sell,"Feb 28, 2018",-20,39.338,786.76,0,
BEKB.BR,NV Bekaert SA,Buy,"Mar 28, 2018",30,34.545,,0,
BEKB.BR,NV Bekaert SA,Buy,"Jul 20, 2018",50,22.99,,0,
BEKB.BR,NV Bekaert SA,Sell,"Aug 4, 2021",135,39.88,,0,
TUB.BR,Financiere de Tubize SA,Buy,"Apr 17, 2015",15,57.153,,0,
TUB.BR,Financiere de Tubize SA,Buy,"Sep 12, 2017",16,59,,2.55,
TUB.BR,Financiere de Tubize SA,Buy,"Oct 26, 2018",20,58.64,,0,
TUB.BR,Financiere de Tubize SA,Buy,"Mar 17, 2020",27,56.04,,0,
TUB.BR,Financiere de Tubize SA,Buy,"Feb 2, 2021",20,80.84,,0,
TUB.BR,Financiere de Tubize SA,Buy,"Feb 25, 2021",20,81.24,,0,
TUB.BR,Financiere de Tubize SA,Buy,"Nov 9, 2022",35,70.25,,0,
TUB.BR,Financiere de Tubize SA,Buy,"Mar 7, 2023",25,78.16,,0,
TUB.BR,Financiere de Tubize SA,Buy,"Nov 17, 2023",30,65.07,,0,
TUB.BR,Financiere de Tubize SA,Sell,"Jul 2, 2024",25,106.55,,0,
TUB.BR,Financiere de Tubize SA,Sell,"Jul 11, 2024",25,108.74,,0,
TUB.BR,Financiere de Tubize SA,Sell,"Nov 18, 2024",80,129.06,,0,
TUB.BR,Financiere de Tubize SA,Sell,"Dec 2, 2024",78,139.6,,0,
BAR.BR,Barco NV,Buy,"Apr 20, 2015",16,56.535,-904.56,0,
BAR.BR,Barco NV,Sell,"Dec 29, 2016",-16,80,1269.79,10.21,
GLIN,VanEck Vectors India Growth Leaders ETF,Buy,"Apr 24, 2015",25,47.27,,0,
SAZ.DE,STADA Arzneimittel AG,Buy,"Apr 29, 2015",22,33.999,-747.97,0,
SAZ.DE,STADA Arzneimittel AG,Sell,"May 25, 2016",-22,46.6,1002.68,22.52,
CDA.PA,Compagnie des Alpes SA,Buy,"May 5, 2015",50,16.9854,-849.27,0,
CDA.PA,Compagnie des Alpes SA,Sell,"May 12, 2017",-40,24.7,984.67,3.33,
CDA.PA,Compagnie des Alpes SA,Sell,"May 12, 2017",-10,24.51,245.10,0,
CDA.PA,Compagnie des Alpes SA,Buy,"May 8, 2018",40,30.20,,0,
CDA.PA,Compagnie des Alpes SA,Buy,"Oct 24, 2018",45,24.5,,0,
CDA.PA,Compagnie des Alpes SA,Buy,"Jun 26, 2020",70,18.8,,0,
CDA.PA,Compagnie des Alpes SA,Buy,"Jul 27, 2020",70,15.99,,0,
CDA.PA,Compagnie des Alpes SA,Sell,"Feb 24, 2021",115,20.34,,0,
CDA.PA,Compagnie des Alpes SA,Buy,"Jun 10, 2021",100,17.32,,0,
CDA.PA,Compagnie des Alpes SA,Buy,"Jun 30, 2021",110,9.4,,0,
CDA.PA,Compagnie des Alpes SA,Buy,"Sep 28, 2021",81,15.35,,0,
IMMO.BR,Compagnie Immobiliere de Belgique SA,Buy,"May 7, 2015",19,50.75158,-964.28,0,
IMMO.BR,Compagnie Immobiliere de Belgique SA,Sell,"May 19, 2015",-19,51.52368,978.94,0,
IMMO.BR,Compagnie Immobiliere de Belgique SA,Buy,"Jun 11, 2020",35,59.21,,0,
IMMO.BR,Compagnie Immobiliere de Belgique SA,Buy,"Jan 17, 2023",40,47.35,,0,
IMMO.BR,Compagnie Immobiliere de Belgique SA,Sell,"Jan 13, 2026",75,25.04,,0,
SQM,Sociedad Quimica y Minera de Chile (ADR),Buy,"Feb 17, 2015",44,25.963,-1142.37,0,
SQM,Sociedad Quimica y Minera de Chile (ADR),Sell,"Mar 23, 2015",-44,15.91356,700.19,0,
NN.AS,NN Group NV,Buy,"May 27, 2015",35,26.1314,,0,
NN.AS,NN Group NV,Buy,"Sep 13, 2017",18,33.88,,1.65,
NN.AS,NN Group NV,Buy,"Aug 7, 2019",35,31.59,,0,
NN.AS,NN Group NV,Buy,"Mar 6, 2020",40,30.05,,0,
NN.AS,NN Group NV,Buy,"Mar 12, 2020",65,23.93,,0,
NN.AS,NN Group NV,Buy,"May 13, 2020",45,25.2,,0,
NN.AS,NN Group NV,Buy,"May 16, 2023",70,34.35,,0,
GSK.L,GlaxoSmithKline plc,Buy,"Jun 4, 2015",52,1441,,0,
GSK.L,GlaxoSmithKline plc,Buy,"Sep 8, 2017",70,1495,,40,
GSK.L,GlaxoSmithKline plc,Buy,"Nov 7, 2017",70,1366.71,,0,
GSK.L,GlaxoSmithKline plc,Buy,"Mar 26, 2018",90,1337,,0,
GSK.L,GlaxoSmithKline plc,Buy,"Mar 23, 2020",120,1382,,0,
GSK.L,GlaxoSmithKline plc,Buy,"Oct 21, 2020",140,1391,,0,
GSK.L,GlaxoSmithKline plc,Sell,"Apr 27, 2022",542,1801,,0,
GSK.L,GlaxoSmithKline plc,Buy,"Feb 2, 2023",145,1446,,0,
ADS.DE,adidas AG,Buy,"Jun 5, 2015",14,71.455,-1000.37,0,
ADS.DE,adidas AG,Sell,"Jan 29, 2016",-14,94.74,1308.28,18.08,
ADS.DE,adidas AG,Buy,"Jun 10, 2021",7,282.97,,0,
ADS.DE,adidas AG,Sell,"Jan 7, 2026",7,162.2,,0,
PUM.DE,Puma AG Rudolf Dassler Sport,Buy,"Jun 10, 2015",7,146.07,-1022.49,0,
PUM.DE,Puma AG Rudolf Dassler Sport,Sell,"Sep 3, 2015",-7,182,1256.06,17.94,
PUM.DE,Puma AG Rudolf Dassler Sport,Buy,"Jan 12, 2018",4,319.0425,,0,
PUM.DE,Puma AG Rudolf Dassler Sport,Sell,"May 5, 2018",4,412.1075,,0,
SIP.BR,SIPEF NV,Buy,"Jun 9, 2015",18,49.4478,,0,
SIP.BR,SIPEF NV,Buy,"May 24, 2017",2,54.65,-109.30,0,
SIP.BR,SIPEF NV,Buy,"Aug 29, 2019",27,40.09,,0,
SIP.BR,SIPEF NV,Buy,"Oct 26, 2020",35,44.15,,0,
SIP.BR,SIPEF NV,Buy,"Jan 15, 2021",32,48.33,,0,
SIP.BR,SIPEF NV,Buy,"Apr 22, 2021",40,46.15,,0,
SIP.BR,SIPEF NV,Sell,"Oct 15, 2021",64,54.79,,0,
SIP.BR,SIPEF NV,Sell,"Oct 22, 2021",50,58.91,,0,
SIP.BR,SIPEF NV,Sell,"Feb 2, 2022",40,59.06,,0,
HOLN.PA,Lafargeholcim Ltd,Buy,"Jul 14, 2015",13,70.68,,0,
HOLN.PA,Lafargeholcim Ltd,Buy,"Nov 13, 2019",40,51.67,,0,
HOLN.PA,Lafargeholcim Ltd,Buy,"Nov 26, 2021",40,44,,0,
HOLN.PA,Lafargeholcim Ltd,Sell,"Nov 8, 2022",93,47.28,,0,
CYAD.BR,Celyad SA,Buy,"Aug 21, 2015",18,46.11,-838.22,8.24,
CYAD.BR,Celyad SA,Buy,"Oct 16, 2015",14,33.41,-475.00,7.26,
CYAD.BR,Celyad SA,Sell,"Sep 8, 2017",32,43.46,1386.97,3.75,
CYAD.BR,Celyad SA,Buy,"Nov 14, 2017",23,40.46,,0,
CYAD.BR,Celyad SA,Buy,"Mar 8, 2018",30,31.81,,0,
CYAD.BR,Celyad SA,Sell,"Nov 26, 2020",53,7.8,,0,
BEFB.BR,Befimmo SA,Buy,"Aug 24, 2015",16,53.6,,6.77,
BEFB.BR,Befimmo SA,Sell,"Feb 17, 2021",16,34.07,,0,
SHELL.AS,Royal Dutch Shell Plc,Buy,"Aug 26, 2015",45,21.6,,8.62,
SHELL.AS,Royal Dutch Shell Plc,Buy,"Feb 21, 2018",40,25.75,,15,
SHELL.AS,Royal Dutch Shell Plc,Buy,"Feb 28, 2020",70,20.41,,0,
SHELL.AS,Royal Dutch Shell Plc,Buy,"Mar 12, 2020",100,15,,0,
SHELL.AS,Royal Dutch Shell Plc,Buy,"Mar 19, 2020",115,10.81,,0,
SHELL.AS,Royal Dutch Shell Plc,Sell,"Apr 3, 2020",140,17.95,,0,
SHELL.AS,Royal Dutch Shell Plc,Buy,"Feb 25, 2021",100,17.66,,0,
SHELL.AS,Royal Dutch Shell Plc,Buy,"Mar 8, 2021",95,18.62,,0,
SHELL.AS,Royal Dutch Shell Plc,Buy,"May 10, 2021",100,16.86,,0,
SHELL.AS,Royal Dutch Shell Plc,Buy,"Jul 7, 2021",120,17.36,,0,
SHELL.AS,Royal Dutch Shell Plc,Sell,"Oct 6, 2022",180,25.78,,0,
SHELL.AS,Royal Dutch Shell Plc,Sell,"Oct 7, 2022",180,26.24,,0,
UMI.BR,Umicore SA,Buy,"Sep 4, 2015",28,35.92,,8.72,
UMI.BR,Umicore SA,Buy,"Feb 8, 2016",17,33.7,,7.55,
UMI.BR,Umicore SA,Sell,"Aug 29, 2016",-22,53.5,,9.93,
UMI.BR,Umicore SA,Buy,"Oct 23, 2017",23,0,,0,
UMI.BR,Umicore SA,Buy,"May 10, 2019",40,30.98,,0,
UMI.BR,Umicore SA,Sell,"Jan 3, 2020",42,43.59,,0,
UMI.BR,Umicore SA,Sell,"Feb 7, 2020",44,41.95,,0,
UMI.BR,Umicore SA,Buy,"Dec 21, 2020",45,38.31,,0,
UMI.BR,Umicore SA,Buy,"Dec 9, 2021",45,39.9,,0,
UMI.BR,Umicore SA,Buy,"Jan 12, 2022",50,34.87,,0,
UMI.BR,Umicore SA,Sell,"Jan 7, 2026",140,19.39,,0,
SOLB.BR,Solvay SA,Buy,"Sep 17, 2015",10,100.55,-1014.21,8.71,
SOLB.BR,Solvay SA,Buy,"Sep 24, 2015",6,92.2,,7.49,
SOLB.BR,Solvay SA,Buy,"Dec 22, 2015",4,70.83,,0,AK
SOLB.BR,Solvay SA,Buy,"Jan 8, 2016",6,87.99,,7.43,
SOLB.BR,Solvay SA,Sell,"Feb 17, 2017",-9,115.65,1031.60,9.25,
SOLB.BR,Solvay SA,Buy,"Aug 8, 2017",9,124.5,,3.03,
SOLB.BR,Solvay SA,Buy,"Oct 26, 2018",15,99,,0,
SOLB.BR,Solvay SA,Buy,"Dec 10, 2018",15,91.507,,0,
SOLB.BR,Solvay SA,Sell,"Oct 21, 2019",17,97.46,,0,
SOLB.BR,Solvay SA,Buy,"Mar 12, 2020",23,67.53,,0,
SOLB.BR,Solvay SA,Buy,"Mar 16, 2020",25,57.89,,0,
SOLB.BR,Solvay SA,Buy,"Jul 12, 2020",16,110.99,,0,
SOLB.BR,Solvay SA,Sell,"Mar 10, 2023",41,103.25,,0,
SOLB.BR,Solvay SA,Sell,"Dec 8, 2023",62,108.6,,0,
SOLB.BR,Solvay SA,Buy,"Dec 11, 2023",62,23.20,,0,
SOLB.BR,Solvay SA,Buy,"Feb 7, 2024",87,23.09,,0,
SOLB.BR,Solvay SA,Sell,"May 9, 2024",149,34.98,,0,
SYENS.BR,Syensqo,Buy,"Dec 11, 2023",62,85.4,,0,
MDXH.BR,MDxHealth SA,Buy,"Sep 28, 2015",160,4.02,,7.74,
MDXH.BR,MDxHealth SA,Buy,"May 8, 2017",160,4.87,,2.1,
MDXH.BR,MDxHealth SA,Sell,"Feb 17, 2021",320,1.05,,0,
PROX.BR,Proximus NV,Buy,"Dec 9, 2015",35,29.55,,8.79,
PROX.BR,Proximus NV,Buy,"Oct 13, 2016",40,25.51,,9.51,
PROX.BR,Proximus NV,Buy,"Mar 19, 2018",28,25.45,,0,
PROX.BR,Proximus NV,Buy,"Jun 19, 2018",50,21.02,,0,
PROX.BR,Proximus NV,Buy,"Sep 28, 2018",65,20.79,,0,
PROX.BR,Proximus NV,Buy,"May 7, 2020",75,18.36,,0,
PROX.BR,Proximus NV,Buy,"Feb 26, 2021",100,16.87,,0,
PROX.BR,Proximus NV,Buy,"May 3, 2024",210,6.94,,0,
PROX.BR,Proximus NV,Sell,"Aug 8, 2025",500,7.11,,0,
INGA.AS,ING Groep NV,Buy,"Dec 22, 2015",85,12.1,,8.78,
INGA.AS,ING Groep NV,Buy,"Feb 9, 2016",60,9.72,,7.58,
INGA.AS,ING Groep NV,Buy,"Feb 8, 2019",120,10.82,,0,
INGA.AS,ING Groep NV,Buy,"Aug 16, 2019",150,8.34,,0,
BNP.PA,BNP Paribas SA,Buy,"Jan 12, 2016",15,48.985,-744.22,9.45,
BNP.PA,BNP Paribas SA,Buy,"Jan 20, 2016",12,42.82,-522.26,8.42,
BNP.PA,BNP Paribas SA,Sell,"Jan 9, 2017",-27,61.96,1658.65,14.27,
BNP.PA,BNP Paribas SA,Buy,"Sep 8, 2017",16,62.56,,5.7,
BNP.PA,BNP Paribas SA,Buy,"Jan 8, 2018",16,64.88,,0,
BNP.PA,BNP Paribas SA,Buy,"Aug 15, 2018",20,51.77,,0,
BNP.PA,BNP Paribas SA,Buy,"Dec 18, 2018",30,41.36,,0,
BNP.PA,BNP Paribas SA,Buy,"Aug 12, 2019",30,40.164,,0,
BNP.PA,BNP Paribas SA,Buy,"Mar 6, 2020",30,39.97,,0,
BNP.PA,BNP Paribas SA,Buy,"May 13, 2020",45,27.63,,0,
BNP.PA,BNP Paribas SA,Buy,"Dec 28, 2020",35,44.01,,0,
BNP.PA,BNP Paribas SA,Buy,"Jan 15, 2021",30,44.68,,0,
BNP.PA,BNP Paribas SA,Buy,"Apr 23, 2021",35,50.77,,0,
BNP.PA,BNP Paribas SA,Buy,"May 9, 2022",40,50.99,,0,
BNP.PA,BNP Paribas SA,Buy,"Aug 30, 2022",45,45.71,,0,
ABN.AS,ABN AMRO Group NV,Buy,"Jan 12, 2016",31,19.48,,7.63,
ABN.AS,ABN AMRO Group NV,Buy,"Jan 15, 2016",27,18.8,,7.37,
ABN.AS,ABN AMRO Group NV,Buy,"Mar 28, 2018",45,24.24,,0,
ABN.AS,ABN AMRO Group NV,Buy,"May 14, 2018",40,25.552,,0,
ABN.AS,ABN AMRO Group NV,Buy,"Nov 20, 2019",80,16.18,,0,
ABN.AS,ABN AMRO Group NV,Sell,"Feb 17, 2021",61,8.87,,0,
ABN.AS,ABN AMRO Group NV,Buy,"Apr 23, 2021",160,10.15,,0,
EURN.BR,Euronav NV,Buy,"May 2, 2016",80,9.5,,8.8,
EURN.BR,Euronav NV,Buy,"Aug 2, 2016",80,7.51,,8.37,
EURN.BR,Euronav NV,Buy,"Sep 8, 2017",80,6.68,,1.44,
EURN.BR,Euronav NV,Buy,"Aug 6, 2019",180,7.08,,0,
EURN.BR,Euronav NV,Sell,"Sep 27, 2019",180,8.28,,0,
EURN.BR,Euronav NV,Sell,"Oct 24, 2019",240,10.48,,0,
EURN.BR,Euronav NV,Buy,"Feb 24, 2020",150,8.63,,0,
EURN.BR,Euronav NV,Buy,"Mar 6, 2020",150,7.58,,0,
EURN.BR,Euronav NV,Sell,"Mar 25, 2020",300,8.96,,0,
EURN.BR,Euronav NV,Buy,"Jun 16, 2020",200,8.16,,0,
EURN.BR,Euronav NV,Buy,"Jun 25, 2020",140,7.5,,0,
EURN.BR,Euronav NV,Sell,"Jun 14, 2021",340,7.88,,0,
EURN.BR,Euronav NV,Buy,"Dec 20, 2021",200,7.58,,0,
EURN.BR,Euronav NV,Sell,"Feb 23, 2022",200,9.29,,0,
ACKB.BR,Ackermans & van Haaren NV,Buy,"Jun 13, 2016",8,110.4,,9.13,
ACKB.BR,Ackermans & van Haaren NV,Buy,"Nov 27, 2019",10,138.255,,0,
ACKB.BR,Ackermans & van Haaren NV,Buy,"Mar 12, 2020",13,117.93,,0,
ACKB.BR,Ackermans & van Haaren NV,Buy,"Apr 2, 2020",11,117.02,,0,
TOM2.AS,TomTom NV,Buy,"Jun 13, 2016",100,7.33,-744.73,11.73,
TOM2.AS,TomTom NV,Sell,"Jul 19, 2017",-100,9.17,914.52,2.48,
TOM2.AS,TomTom NV,Buy,"Jan 4, 2018",115,8.1866,,0,
TOM2.AS,TomTom NV,Sell,"May 11, 2018",115,8.485,,0,
SDF.DE,K&S AG,Buy,"Jun 15, 2016",45,20.02,,22.18,
SDF.DE,K&S AG,Sell,"Feb 17, 2021",45,9.38,,0,
ORA.PA,Orange SA,Buy,"Sep 13, 2016",60,13.25,,13.49,
ORA.PA,Orange SA,Buy,"Sep 7, 2017",65,13.82,,5.12,
ORA.PA,Orange SA,Buy,"Sep 15, 2017",35,13.93,,2.78,
ORA.PA,Orange SA,Buy,"Dec 8, 2017",70,14.879,,0,
ORA.PA,Orange SA,Buy,"Dec 19, 2019",90,13.35,,0,
ORA.PA,Orange SA,Buy,"Mar 16, 2020",150,9.24,,0,
ORA.PA,Orange SA,Buy,"Jun 11, 2020",110,10.9,,0,
ORA.PA,Orange SA,Buy,"Dec 7, 2020",125,10.31,,0,
ORA.PA,Orange SA,Buy,"Jun 8, 2021",180,10.66,,0,
ORA.PA,Orange SA,Buy,"Jun 15, 2021",180,10.19,,0,
ORA.PA,Orange SA,Buy,"Oct 3, 2022",200,9.31,,0,
ORA.PA,Orange SA,Sell,"Aug 4, 2025",265,13.73,,0,
FTI.PA,TechnipFMC PLC,Buy,"Jan 18, 2017",32,33.705,,0,
FTI.PA,TechnipFMC PLC,Sell,"Mar 11, 2021",32,7.29,,0,
CA.PA,Carrefour SA,Buy,"Feb 21, 2017",46,22.4,,15.62,
CA.PA,Carrefour SA,Buy,"Aug 25, 2017",40,19.7,-792.49,4.49,
CA.PA,Carrefour SA,Buy,"Aug 31, 2017",25,16.68,,2.38,
CA.PA,Carrefour SA,Buy,"Jan 23, 2018",50,19.8184,-990.92,0,ordre realise par erreur
CA.PA,Carrefour SA,Sell,"Jan 23, 2018",90,19.373,1743.57,0,
CA.PA,Carrefour SA,Buy,"Oct 23, 2019",75,15.042,,0,
CA.PA,Carrefour SA,Buy,"Feb 24, 2020",75,15.88,,0,
CA.PA,Carrefour SA,Buy,"Sep 15, 2020",100,14.15,,0,
CA.PA,Carrefour SA,Buy,"Dec 4, 2020",111,13.64,,0,
CA.PA,Carrefour SA,Sell,"Jan 13, 2021",220,16.7,,0,
CA.PA,Carrefour SA,Buy,"Nov 30, 2021",120,15.03,,0,
CA.PA,Carrefour SA,Sell,"Jan 4, 2022",332,18.28,,0,
BRNL.AS,Brunel International NV,Buy,"Feb 23, 2017",65,16.07,,12.57,
BRNL.AS,Brunel International NV,Buy,"Feb 23, 2017",65,15.91,,12.54,
BRNL.AS,Brunel International NV,Buy,"Aug 29, 2017",100,10.92,-1094.95,2.95,
BRNL.AS,Brunel International NV,Sell,"Feb 23, 2018",-100,15.42,1527.00,15,
BRNL.AS,Brunel International NV,Buy,"Feb 14, 2020",160,8.84,,0,
BRNL.AS,Brunel International NV,Buy,"Jun 19, 2020",170,6.51,,0,
BRNL.AS,Brunel International NV,Sell,"Aug 4, 2021",133,10.69,,0,
BN.PA,Danone SA,Buy,"May 3, 2017",17,63.98,,6.2,
BN.PA,Danone SA,Buy,"Aug 22, 2017",12,66.41,,4.54,
BN.PA,Danone SA,Buy,"Feb 16, 2018",12,66.17,,0,
BN.PA,Danone SA,Sell,"Jan 13, 2020",19,71.73,,0,
BN.PA,Danone SA,Buy,"Mar 6, 2020",25,62.1,,0,
BN.PA,Danone SA,Buy,"Jun 15, 2020",20,60.9,,0,
BN.PA,Danone SA,Buy,"Jun 15, 2020",23,61.14,,0,
BN.PA,Danone SA,Buy,"Aug 31, 2020",25,55.78,,0,
BN.PA,Danone SA,Buy,"Nov 27, 2020",28,54.02,,0,
BN.PA,Danone SA,Sell,"Mar 28, 2022",74,50.64,,0,
BN.PA,Danone SA,Sell,"Apr 21, 2023",69,59.45,,0,
ABI.BR,AB INBEV,Buy,"Apr 30, 2015",8,110.94625,,0,
ABI.BR,AB INBEV,Buy,"Aug 24, 2017",12,98.43,,3.19,
ABI.BR,AB INBEV,Buy,"Jan 4, 2018",7,95.36,,0,
ABI.BR,AB INBEV,Buy,"Jan 23, 2018",8,95.015,,0,
ABI.BR,AB INBEV,Buy,"Jul 2, 2020",25,45,,0,
ABI.BR,AB INBEV,Buy,"Jan 5, 2021",28,57.36,,0,
ABI.BR,AB INBEV,Buy,"Feb 18, 2021",30,52.93,,0,
ABI.BR,AB INBEV,Buy,"Nov 1, 2021",35,52.59,,0,
ABI.BR,AB INBEV,Buy,"Nov 28, 2022",40,56.53,,0,
ABI.BR,AB INBEV,Sell,"Feb 2, 2026",81,60.68,,0,
BOKA.AS,Koninklijke Boskalis Westminster NV,Buy,"May 12, 2017",28,31.46,,2.38,
BOKA.AS,Koninklijke Boskalis Westminster NV,Buy,"Sep 12, 2017",30,28.48,,2.31,
BOKA.AS,Koninklijke Boskalis Westminster NV,Buy,"Nov 10, 2017",35,30.12,,0,
BOKA.AS,Koninklijke Boskalis Westminster NV,Buy,"May 28, 2018",45,23.72,,0,
BOKA.AS,Koninklijke Boskalis Westminster NV,Sell,"Sep 25, 2018",50,28.20,,0,
BOKA.AS,Koninklijke Boskalis Westminster NV,Buy,"Oct 23, 2018",50,24.30,,0,
BOKA.AS,Royal Boskalis Westminster N.V.,Buy,"Sep 8, 2020",110,17.26,,0,
BOKA.AS,Koninklijke Boskalis Westminster NV,Sell,"Mar 10, 2022",248,32.53,,0,
GBLB.BR,Groep Brussel Lambert NV,Buy,"May 16, 2017",11,88,,2.61,
GBLB.BR,Groep Brussel Lambert NV,Buy,"Aug 29, 2017",12,85.05,,2.76,
GBLB.BR,Groep Brussel Lambert NV,Buy,"Mar 23, 2018",11,91.47,,0,
GBLB.BR,Groep Brussel Lambert NV,Buy,"Oct 19, 2018",15,80.964,,0,
GBLB.BR,Groep Brussel Lambert NV,Buy,"Aug 14, 2018",16,80.5,,0,
GBLB.BR,Groep Brussel Lambert NV,Buy,"Mar 12, 2020",19,64.3,,0,
GBLB.BR,Groep Brussel Lambert NV,Buy,"Mar 12, 2020",20,72.59,,0,
GBLB.BR,Groep Brussel Lambert NV,Buy,"Jun 19, 2020",20,75.87,,0,
GBLB.BR,Groep Brussel Lambert NV,Buy,"Sep 17, 2021",21,96.32,,0,
GBLB.BR,Groep Brussel Lambert NV,Buy,"Aug 1, 2022",25,83.18,,0,
GBLB.BR,Groep Brussel Lambert NV,Buy,"Oct 11, 2022",30,71.69,,0,
GBLB.BR,Groep Brussel Lambert NV,Buy,"Oct 4, 2023",30,69.52,,0,
TTE.PA,Total SA,Buy,"Jun 6, 2017",25,45.68,,6.51,
TTE.PA,Total SA,Buy,"Aug 22, 2017",35,43.18,,8.61,
TTE.PA,Total SA,Buy,"Sep 15, 2017",15,44.93,,3.84,
TTE.PA,Total SA,Buy,"Jan 21, 2020",26,48.65,,0,
TTE.PA,Total SA,Buy,"Jan 31, 2020",30,44.42,,0,
TTE.PA,Total SA,Buy,"Mar 3, 2020",30,39.88,,0,
TTE.PA,Total SA,Buy,"Mar 12, 2020",50,28.04,,0,
TTE.PA,Total SA,Buy,"Mar 16, 2020",70,25.49,,0,
TTE.PA,Total SA,Sell,"Apr 2, 2020",75,36.99,,0,
TTE.PA,Total SA,Buy,"Jun 25, 2020",55,34.77,,0,
TTE.PA,Total SA,Buy,"Jul 10, 2020",35,32.92,,0,
TTE.PA,Total SA,Buy,"Feb 9, 2021",50,34.77,,0,
TTE.PA,Total SA,Buy,"Feb 22, 2021",40,37.12,,0,
TTE.PA,Total SA,Buy,"Apr 23, 2021",50,36.87,,0,
TTE.PA,Total SA,Buy,"Aug 3, 2022",40,48.76,,0,
TTE.PA,Total SA,Sell,"Nov 2, 2022",120,56.88,,0,
TTE.PA,Total SA,Sell,"Jan 18, 2023",80,59.74,,0,
TTE.PA,Total SA,Sell,"Sep 25, 2023",100,61.59,,0,
AD.AS,Koninklijke Ahold Delhaize NV,Buy,"Jun 21, 2017",50,15.98,,2.16,
AD.AS,Koninklijke Ahold Delhaize NV,Buy,"Aug 11, 2017",60,16.98,,2.75,
AD.AS,Koninklijke Ahold Delhaize NV,Buy,"Aug 25, 2017",32,15.8,,1.37,
AD.AS,Koninklijke Ahold Delhaize NV,Sell,"Aug 7, 2018",142,20.945,,0,
AD.AS,Koninklijke Ahold Delhaize NV,Buy,"Dec 2, 2020",80,23.69,,0,
AD.AS,Koninklijke Ahold Delhaize NV,Buy,"Mar 2, 2021",85,22.12,,0,
AD.AS,Koninklijke Ahold Delhaize NV,Sell,"Nov 15, 2021",165,30.54,,0,
GE,General Electric Company,Buy,"Jun 21, 2017",50,28.017,,35.83,
GE,General Electric Company,Buy,"Aug 31, 2017",60,24.919,,0,
GE,General Electric Company,Buy,"Nov 7, 2017",55,20.47,,0,
GE,General Electric Company,Sell,"Aug 2, 2021",165,12.8,,0,
GE,General Electric Company,Buy,"Aug 2, 2021",20,102.12,,0,
GE,General Electric Company,Sell,"Sep 7, 2021",6,99.88,,0,
GE,General Electric Company,Sell,"Oct 26, 2022",14,75.01,,0,
IBAB.BR,Ion Beam Applications SA,Buy,"Jul 5, 2017",25,36.75,,2.48,
IBAB.BR,Ion Beam Applications SA,Buy,"Aug 24, 2017",23,25.61,,1.73,
IBAB.BR,Ion Beam Applications SA,Buy,"Aug 24, 2017",2,25.61,-51.22,0,
IBAB.BR,Ion Beam Applications SA,Buy,"Jan 5, 2018",30,19.35,-592.50,12,
IBAB.BR,Ion Beam Applications SA,Sell,"Jan 15, 2018",-32,19.42,609.44,12,
IBAB.BR,Ion Beam Applications SA,Sell,"Aug 4, 2018",48,15.7,,0,
FUR.AS,Fugro N.V,Buy,"Aug 8, 2017",80,11.665,,2.52,
FUR.AS,Fugro N.V,Buy,"Oct 11, 2017",100,11.66,,12.9,
FUR.AS,Fugro N.V,Sell,"Mar 23, 2020",180,3.23,,0,
MKC,"McCormick & Company, Incorporated",Buy,"Aug 8, 2017",20,94.39,,40.23,
MKC,"McCormick & Company, Incorporated",Sell,"Nov 30, 2018",20,147.85,,0,
IBM,International Business Machines Corp.,Buy,"Aug 8, 2017",10,142.5,,35.22,
IBM,International Business Machines Corp.,Buy,"Apr 18, 2017",11,152.95,,35.22,
IBM,International Business Machines Corp.,Buy,"Mar 4, 2020",15,130.28,,0,
IBM,International Business Machines Corp.,Buy,"Jan 22, 2021",23,119.56,,0,
IBM,International Business Machines Corp.,Sell,"Apr 20, 2021",20,137.82,,0,
IBM,International Business Machines Corp.,Sell,"Oct 24, 2022",39,131.27,,0,
SAN.PA,Sanofi SA,Buy,"Aug 11, 2017",15,80.23,,6.86,
SAN.PA,Sanofi SA,Buy,"Sep 15, 2017",6,82.12,,2.81,
SAN.PA,Sanofi SA,Buy,"Dec 12, 2017",10,74.473,,0,
SAN.PA,Sanofi SA,Buy,"Jan 22, 2018",12,72.38,,0,
SAN.PA,Sanofi SA,Buy,"Apr 27, 2018",15,65.88,,0,
SAN.PA,Sanofi SA,Sell,"Nov 9, 2018",20,79.43,,0,
SAN.PA,Sanofi SA,Buy,"Mar 12, 2020",20,76.35,,0,
SAN.PA,Sanofi SA,Buy,"Nov 3, 2020",20,80.75,,0,
SAN.PA,Sanofi SA,Buy,"Jan 12, 2021",18,80.05,,0,
SAN.PA,Sanofi SA,Buy,"Feb 26, 2021",20,75.85,,0,
SAN.PA,Sanofi SA,Buy,"Sep 22, 2021",22,83.65,,0,
SAN.PA,Sanofi SA,Buy,"Aug 26, 2022",25,81.11,,0,
SAN.PA,Sanofi SA,Sell,"Oct 4, 2023",25,101.25,,0,
SAN.PA,Sanofi SA,Sell,"Sep 4, 2024",38,105.18,,0,
SAN.PA,Sanofi SA,Buy,"Sep 4, 2025",40,79.47,,0,
SAN.PA,Sanofi SA,Buy,"Aug 14, 2024",25,83.68,,0,
SAN.PA,Sanofi SA,Buy,"Oct 15, 2025",25,85.09,,0,
QCOM,"QUALCOMM, Inc.",Buy,"Aug 14, 2017",45,53.04,,45.72,
QCOM,"QUALCOMM, Inc.",Buy,"Nov 28, 2017",22,68.3,,0,
QCOM,"QUALCOMM, Inc.",Sell,"Mar 13, 2018",-22,59.3072,,0,
QCOM,"QUALCOMM, Inc.",Sell,"Nov 6, 2019",45,83.78,,0,
QCOM,"QUALCOMM, Inc.",Buy,"Mar 23, 2020",40,60.68,,0,
QCOM,"QUALCOMM, Inc.",Sell,"Jul 1, 2020",40,89.76,,0,
QCOM,"QUALCOMM, Inc.",Buy,"Apr 5, 2021",20,140.79,,0,
QCOM,"QUALCOMM, Inc.",Sell,"Nov 18, 2021",20,179.02,,0,
WHA.AS,Wereldhave NV,Buy,"Aug 15, 2017",60,41.42,,6.71,
WHA.AS,Wereldhave NV,Buy,"Feb 19, 2018",25,30.5,,15,
WHA.AS,Wereldhave NV,Sell,"Feb 17, 2021",85,12.2,,0,
GXG,Global X MSCI Colombia ETF,Buy,"Aug 15, 2017",300,9.89,,38.05,
GXG,Global X MSCI Colombia ETF,Buy,"Sep 8, 2017",180,10.683,,0,
GXG,Global X MSCI Colombia ETF,Sell,"Apr 27, 2020",480,5.34,,0,
GXG,Global X MSCI Colombia ETF,Buy,"Apr 28, 2020",120,21.36,,0,
INTO.BR,Intervest Offices & Warehouses NV,Buy,"Aug 24, 2017",40,22.85,,0.82,
INTO.BR,Intervest Offices & Warehouses NV,Buy,"Nov 30, 2018",10,18.50,,0,
INTO.BR,Intervest Offices & Warehouses NV,Sell,"Aug 4, 2021",50,27.2,,0,
OPN.PA,Groupe Open S.A.,Buy,"Aug 24, 2017",35,26.8,,2.53,
OPN.PA,Groupe Open S.A.,Sell,"Jan 21, 2021",35,15,,0,
ETL.PA,Eutelsat Communications SA,Buy,"Aug 29, 2017",45,23.64,,6.06,
ETL.PA,Eutelsat Communications SA,Buy,"Oct 27, 2017",45,20.28,,0,
ETL.PA,Eutelsat Communications SA,Buy,"Nov 21, 2017",50,19.3816,,0,
ETL.PA,Eutelsat Communications SA,Buy,"Aug 7, 2018",85,20.586,,0,
ETL.PA,Eutelsat Communications SA,Buy,"Nov 20, 2020",150,9.29,,0,
ETL.PA,Eutelsat Communications SA,Sell,"Sep 30, 2024",375,4.43,,0,
CSCO,"Cisco Systems, Inc.",Buy,"Sep 6, 2017",50,32.417,,0,
CSCO,"Cisco Systems, Inc.",Sell,"Mar 12, 2019",50,51.85,,0,
CSCO,"Cisco Systems, Inc.",Buy,"Mar 12, 2020",65,34.9,,0,
SOF.BR,Sofina SA,Buy,"Sep 7, 2017",8,124.15,,2.68,
SOF.BR,Sofina SA,Sell,"Sep 3, 2021",8,368.55,,0,
SOF.BR,Sofina SA,Buy,"Mar 31, 2023",12,204.31,,2.68,
SOF.BR,Sofina SA,Buy,"Nov 4, 2025",10,242,,0,
KA.AS,Kas Bank N.V.,Buy,"Sep 8, 2017",110,10.24,,3.04,
KA.AS,Kas Bank N.V.,Sell,"Apr 16, 2019",110,12.22,,0,
SU.PA,Schneider Electric SE,Buy,"Sep 11, 2017",15,70.9,,6.06,
SU.PA,Schneider Electric SE,Buy,"May 4, 2020",20,81.77,,0,
SU.PA,Schneider Electric SE,Buy,"May 4, 2020",15,81.13,,0,
SU.PA,Schneider Electric SE,Buy,"Jan 25, 2021",12,125.75,,0,
SU.PA,Schneider Electric SE,Buy,"Jan 28, 2021",11,121.51,,0,
SU.PA,Schneider Electric SE,Buy,"Mar 4, 2021",13,124.98,,0,
SU.PA,Schneider Electric SE,Buy,"Oct 15, 2021",14,145.63,,0,
SU.PA,Schneider Electric SE,Buy,"Aug 2, 2022",15,133.85,,0,
SU.PA,Schneider Electric SE,Buy,"Nov 8, 2022",17,133.93,,0,
SU.PA,Schneider Electric SE,Buy,"Sep 30, 2025",10,236.61,,0,
XFAB.PA,X Fab Silicon Foundries EV,Buy,"Sep 19, 2017",130,7.35,,12.33,
XFAB.PA,X Fab Silicon Foundries EV,Buy,"Feb 15, 2018",100,9,,0,
XFAB.PA,X Fab Silicon Foundries EV,Buy,"Nov 30, 2018",200,5.42,,0,
XFAB.PA,X Fab Silicon Foundries EV,Sell,"Apr 24, 2020",430,2.98,,0,
AAPL,Apple Inc.,Buy,"Sep 21, 2017",9,156.95466,,0,
AAPL,Apple Inc.,Buy,"Nov 15, 2017",9,170.84,,0,
AAPL,Apple Inc.,Sell,"Oct 1, 2019",9,223.02,,0,
AAPL,Apple Inc.,Sell,"Aug 31, 2020",9,499.24,,0,
AAPL,Apple Inc.,Buy,"Aug 31, 2020",36,124.81,,0,
AAPL,Apple Inc.,Buy,"Apr 6, 2021",12,127.91,,0,
AAPL,Apple Inc.,Buy,"Mar 6, 2023",15,155.26,,0,
POM.PA,Compagnie Plastic Omnium SA,Buy,"Sep 22, 2017",27,36.1111,,0,
POM.PA,Compagnie Plastic Omnium SA,Sell,"Dec 18, 2017",-27,36.32,,0,
POM.PA,Compagnie Plastic Omnium SA,Buy,"Sep 3, 2018",35,33.59,,0,
POM.PA,Compagnie Plastic Omnium SA,Buy,"Dec 20, 2018",60,19.08,,0,
POM.PA,Compagnie Plastic Omnium SA,Sell,"Nov 16, 2021",95,25,,0,
GDX,VanEck Vectors Gold Miners ETF,Buy,"Sep 22, 2017",140,23.54548,,0,
BB.PA,Societe B.I.C SA,Buy,"Sep 25, 2017",9,102.45,-934.29,12.24,
BB.PA,Societe B.I.C SA,Buy,"Oct 25, 2017",11,84.44,,0,
BB.PA,Societe B.I.C SA,Sell,"Jan 17, 2018",-9,96.92,872.28,0,
BB.PA,Societe B.I.C SA,Buy,"Apr 22, 2021",22,54.13,,0,
BB.PA,Societe B.I.C SA,Buy,"Jan 21, 2022",27,50.2,,0,
BB.PA,Societe B.I.C SA,Buy,"Feb 16, 2022",33,47.2,,0,
BB.PA,Societe B.I.C SA,Sell,"Jul 15, 2022",93,56.14,,0,
SZU.DE,Suedzucker AG,Buy,"Oct 12, 2017",70,17.0347,,0,
SZU.DE,Suedzucker AG,Buy,"Dec 22, 2017",50,17.7,,0,
SZU.DE,Suedzucker AG,Sell,"Aug 26, 2020",120,17.42,,0,
SZU.DE,Suedzucker AG,Buy,"Oct 23, 2020",140,12.96,,0,
SZU.DE,Suedzucker AG,Sell,"Feb 24, 2021",140,13.08,,0,
AYV.PA,AYVENS (Ald SA),Buy,"Oct 23, 2017",90,12.9379,,0,
AYV.PA,AYVENS (Ald SA),Buy,"Jan 16, 2020",100,13.7,,0,
AYV.PA,AYVENS (Ald SA),Buy,"Apr 1, 2020",200,7.98,,0,
AYV.PA,AYVENS (Ald SA),Buy,"Nov 30, 2020",130,10.87,,0,
AYV.PA,AYVENS (Ald SA),Sell,"Jan 10, 2022",260,14.37,,0,
AYV.PA,AYVENS (Ald SA),Buy,"Nov 29, 2022",200,10.92,,0,
AYV.PA,AYVENS (Ald SA),Buy,"Dec 2, 2022",220,9.59,,0,
AYV.PA,AYVENS (Ald SA),Buy,"Dec 20, 2022",184,7.5,,0,
AYV.PA,AYVENS (Ald SA),Buy,"Feb 20, 2023",166,13.14,,0,
AYV.PA,AYVENS (Ald SA),Buy,"Apr 14, 2023",230,11.00,,0,
AYV.PA,AYVENS (Ald SA),Sell,"Oct 13, 2025",460,10.76,,0,
BOI.PA,Boiron SA,Buy,"Oct 25, 2017",13,78.77,,0,
BOI.PA,Boiron SA,Buy,"Apr 22, 2021",27,42.21,,0,
BOI.PA,Boiron SA,Buy,"Apr 23, 2021",30,39.46,,0,
BOI.PA,Boiron SA,Sell,"Jul 15, 2022",70,43.86,,0,
CO.PA,Casino Guichard Perrachon SA,Buy,"Nov 6, 2017",23,48.9548,,0,
CO.PA,Casino Guichard Perrachon SA,Sell,"Mar 15, 2021",23,27.18,,0,
ATC.AS,Altice NV,Buy,"Nov 7, 2017",10,12.1624,,0,
ATC.AS,Altice NV,Buy,"Nov 7, 2017",65,12.1624,-790.55,0,
ATC.AS,Altice NV,Buy,"Dec 7, 2017",60,7.88,,0,
ATC.AS,Altice NV,Sell,"Jan 9, 2018",-65,10.119,657.73,0,
ATC.AS,Altice NV,Sell,"Dec 13, 2019",70,5.38,,0,
ECMPA.AS,Eurocommercial Properties NV,Buy,"Nov 9, 2017",30,35.219,,0,
ECMPA.AS,Eurocommercial Properties NV,Buy,"Jan 11, 2018",30,37.314,,0,
AMPLI.PA,Amplitude Surgical SA,Buy,"Nov 9, 2017",220,4.211,,0,
AMPLI.PA,Amplitude Surgical SA,Buy,"Jan 2, 2018",170,3.647,,0,
AMPLI.PA,Amplitude Surgical SA,Sell,"Jan 5, 2018",150,3.914,,0,
AMPLI.PA,Amplitude Surgical SA,Sell,"Sep 23, 2021",240,2.05,,0,
GFI,Gold Fields Limited (ADR),Buy,"Nov 9, 2017",400,4.06,,0,
GFI,Gold Fields Limited (ADR),Sell,"Jul 22, 2020",200,11.92,,0,
NLOK,Symantec Corporation,Buy,"Nov 14, 2017",43,28.108,,0,
NLOK,Symantec Corporation,Sell,"Dec 11, 2019",43,25.86,,0,
DIE.BR,D'Ieteren SA,Buy,"Nov 21, 2017",30,39.65,,0,
DIE.BR,D'Ieteren SA,Buy,"Mar 23, 2018",33,33.215,,0,
DIE.BR,D'Ieteren SA,Buy,"Nov 3, 2020",35,45.36,,0,
DIE.BR,D'Ieteren SA,Sell,"Mar 9, 2021",35,75.65,,0,
DIE.BR,D'Ieteren SA,Sell,"Jun 24, 2022",30,157.22,,0,
DIE.BR,D'Ieteren SA,Sell,"Oct 19, 2022",33,159.29,,0,
DIE.BR,D'Ieteren SA,Buy,"May 25, 2023",15,163.75,,0,
DIE.BR,D'Ieteren SA,Sell,"Dec 3, 2024",15,201.56,,0,
ENGI.PA,Engie SA,Buy,"Nov 21, 2017",65,14.54,,0,
ENGI.PA,Engie SA,Buy,"Feb 13, 2018",90,12.62,,0,
ENGI.PA,Engie SA,Buy,"Mar 11, 2020",120,12.9,,0,
ENGI.PA,Engie SA,Buy,"Mar 12, 2020",150,10.38,,0,
ENGI.PA,Engie SA,Buy,"Sep 21, 2020",120,11.34,,0,
ENGI.PA,Engie SA,Buy,"Jan 25, 2021",105,12.91,,0,
ENGI.PA,Engie SA,Buy,"Feb 16, 2021",120,13.26,,0,
ENGI.PA,Engie SA,Buy,"Mar 2, 2021",120,12,,0,
ENGI.PA,Engie SA,Buy,"May 9, 2022",200,11.26,,0,
ENGI.PA,Engie SA,Buy,"Jun 16, 2022",180,11.93,,0,
ENGI.PA,Engie SA,Sell,"Nov 4, 2022",270,13.52,,0,
ENGI.PA,Engie SA,Sell,"Apr 4, 2023",300,14.72,,0,
ENGI.PA,Engie SA,Sell,"Oct 12, 2023",180,14.69,,0,
GLE.PA,Societe Generale SA,Buy,"Dec 4, 2017",25,43.4412,,0,
GLE.PA,Societe Generale SA,Buy,"Feb 8, 2018",20,45.7455,,0,
GLE.PA,Societe Generale SA,Buy,"Feb 7, 2019",50,25.48,,0,
GLE.PA,Societe Generale SA,Buy,"Jan 27, 2020",35,30.18,,0,
GLE.PA,Societe Generale SA,Buy,"Dec 10, 2020",80,17.2,,0,
GLE.PA,Societe Generale SA,Buy,"Jul 1, 2021",80,25.76,,0,
GLE.PA,Societe Generale SA,Buy,"Aug 19, 2021",75,26.02,,0,
GLE.PA,Societe Generale SA,Buy,"Jan 18, 2022",60,34.5,,0,
GLE.PA,Societe Generale SA,Sell,"Feb 28, 2022",180,25.28,,0,
GLE.PA,Societe Generale SA,Buy,"May 5, 2022",100,23.45,,0,
GLE.PA,Societe Generale SA,Buy,"Oct 17, 2022",85,22.79,,0,
GLE.PA,Societe Generale SA,Buy,"Nov 7, 2022",85,24.17,,0,
GLE.PA,Societe Generale SA,Sell,"Nov 25, 2024",274,26.05,,0,
GLE.PA,Societe Generale SA,Sell,"Nov 12, 2025",75,57.57,,0,
META,Facebook Inc,Buy,"Dec 4, 2017",8,175.51,,0,
META,Facebook Inc,Buy,"Mar 20, 2020",15,153.33,,0,
META,Facebook Inc,Sell,"Jul 31, 2020",12,253.49,,0,
META,Facebook Inc,Sell,"Jul 15, 2022",11,160.14,,0,
META,Facebook Inc,Buy,"Nov 10, 2025",4,632.25,,0,
KN.PA,Natixis SA,Buy,"Dec 12, 2017",150,6.883,,0,
KN.PA,Natixis SA,Buy,"Sep 10, 2018",220,5.87,,0,
KN.PA,Natixis SA,Buy,"Sep 9, 2019",325,3.64,,0,
KN.PA,Natixis SA,Buy,"Aug 13, 2020",450,2.6,,0,
KN.PA,Natixis SA,Buy,"Oct 16, 2020",800,2.07,,0,
KN.PA,Natixis SA,Sell,"Feb 8, 2021",1250,3.71,,0,
KN.PA,Natixis SA,Sell,"May 11, 2021",695,4.07,,0,
LI.PA,Klepierre SA,Buy,"Dec 12, 2017",30,36.121,,0,
LI.PA,Klepierre SA,Buy,"May 20, 2020",100,14.44,,0,
LI.PA,Klepierre SA,Sell,"Jun 2, 2020",130,20.3,,0,
VRAP.PA,Vranken-Pommery Monopole SA,Buy,"Dec 12, 2017",45,23.975,,0,
VRAP.PA,Vranken-Pommery Monopole SA,Buy,"Dec 20, 2019",65,20.08,,0,
VRAP.PA,Vranken-Pommery Monopole SA,Sell,"Jan 9, 2026",110,11.54,,0,
BAMNB.AS,Koninklijke BAM Groep NV,Buy,"Dec 13, 2017",247,3.649,,0,
BAMNB.AS,Koninklijke BAM Groep NV,Sell,"Oct 17, 2022",247,2.06,,0,
SDY.L,Speedy Hire Plc,Buy,"Dec 14, 2017",1650,55.47,,0,
SDY.L,Speedy Hire Plc,Sell,"Dec 13, 2019",1650,70.65,,0,
UL.AS,UNIBAIL-RODAMCO,Buy,"Dec 18, 2017",5,216.528,,0,
UL.AS,UNIBAIL-RODAMCO,Sell,"May 28, 2018",5,187.036,,0,
URW.AS,UNIBAIL-RODAMCO,Buy,"May 8, 2019",9,150.3,,0,
URW.AS,UNIBAIL-RODAMCO,Buy,"Jun 22, 2020",25,54.68,,0,
URW.AS,UNIBAIL-RODAMCO,Buy,"Oct 26, 2020",40,37.48,,0,
URW.AS,UNIBAIL-RODAMCO,Sell,"Nov 10, 2020",74,56.57,,0,
SGO.PA,Compagnie de Saint Gobain SA,Buy,"Dec 27, 2017",22,46.855,,0,
SGO.PA,Compagnie de Saint Gobain SA,Buy,"Jun 19, 2018",25,39.9284,,0,
SGO.PA,Compagnie de Saint Gobain SA,Buy,"Aug 2, 2018",35,37.38,,0,
SGO.PA,Compagnie de Saint Gobain SA,Buy,"Jan 23, 2019",35,30.06,,0,
SGO.PA,Compagnie de Saint Gobain SA,Buy,"Mar 6, 2020",40,31.89,,0,
SGO.PA,Compagnie de Saint Gobain SA,Buy,"Mar 30, 2020",65,21.39,,0,
SGO.PA,Compagnie de Saint Gobain SA,Sell,"Jun 9, 2020",222,32.07,,0,
SGO.PA,Compagnie de Saint Gobain SA,Buy,"Dec 18, 2020",50,36.85,,0,
SGO.PA,Compagnie de Saint Gobain SA,Buy,"Feb 9, 2021",45,42.51,,0,
SGO.PA,Compagnie de Saint Gobain SA,Buy,"Jul 13, 2021",40,58.77,,0,
SGO.PA,Compagnie de Saint Gobain SA,Buy,"Aug 24, 2022",50,41.66,,0,
SGO.PA,Compagnie de Saint Gobain SA,Buy,"Mar 4, 2024",25,69.67,,0,
SGO.PA,Compagnie de Saint Gobain SA,Sell,"Sep 26, 2024",50,84.26,,0,
PUB.PA,Publicis Groupe SA,Buy,"Dec 27, 2017",17,57.416,,0,
PUB.PA,Publicis Groupe SA,Buy,"Jan 15, 2020",26,43.12,,0,
PUB.PA,Publicis Groupe SA,Buy,"Feb 24, 2020",28,40.69,,0,
PUB.PA,Publicis Groupe SA,Sell,"May 5, 2021",37,55.14,,0,
PUB.PA,Publicis Groupe SA,Sell,"Oct 15, 2021",34,58.44,,0,
ACA.PA,Credit Agricole SA,Buy,"Jan 5, 2018",70,14.789,,0,
ACA.PA,Credit Agricole SA,Buy,"Jan 23, 2020",110,12.65,,0,
ACA.PA,Credit Agricole SA,Buy,"Mar 12, 2020",250,6.76,,0,
ACA.PA,Credit Agricole SA,Buy,"Nov 30, 2020",120,9.92,,0,
ACA.PA,Credit Agricole SA,Buy,"Jan 4, 2021",120,10.47,,0,
ACA.PA,Credit Agricole SA,Buy,"Jan 14, 2021",120,10.52,,0,
ACA.PA,Credit Agricole SA,Buy,"Mar 2, 2021",150,11.88,,0,
ACA.PA,Credit Agricole SA,Buy,"Apr 23, 2021",140,12.21,,0,
ACA.PA,Credit Agricole SA,Buy,"Sep 14, 2021",160,12,,0,
ACA.PA,Credit Agricole SA,Buy,"Sep 25, 2021",200,11.59,,0,
SCM,Stellus Capital Investment Corp,Buy,"Jan 5, 2018",120,12.55,,0,
SCM,Stellus Capital Investment Corp,Buy,"Aug 25, 2020",300,8.3,,0,
SCM,Stellus Capital Investment Corp,Sell,"Nov 16, 2020",200,10.31,,0,
SCM,Stellus Capital Investment Corp,Buy,"Oct 22, 2025",201,12.46,,0,
SCM,Stellus Capital Investment Corp,Buy,"Oct 30, 2025",209,12.08,,0,
SCM,Stellus Capital Investment Corp,Buy,"Nov 17, 2025",212,11.91,,0,
CAP.PA,Capgemini SE,Buy,"Jan 8, 2018",10,104.034,,0,
CAP.PA,Capgemini SE,Buy,"Oct 9, 2019",12,104.17,,0,
CAP.PA,Capgemini SE,Buy,"Mar 16, 2020",20,65.66,,0,
CAP.PA,Capgemini SE,Buy,"Sep 8, 2020",12,116.42,,0,
CAP.PA,Capgemini SE,Buy,"Jan 12, 2021",11,124.07,,0,
CAP.PA,Capgemini SE,Buy,"May 4, 2021",10,151.7,,0,
CAP.PA,Capgemini SE,Sell,"Jul 8, 2022",29,164.24,,0,
CAP.PA,Capgemini SE,Sell,"Oct 13, 2022",46,158.12,,0,
STRN.AS,Stern Groep NV,Buy,"Jan 9, 2018",50,20.2048,,0,
STRN.AS,Stern Groep NV,Sell,"Dec 9, 2021",50,16.55,,0,
VGP.BR,VGP NV,Buy,"Jan 16, 2018",17,65.05,,0,
VGP.BR,VGP NV,Buy,"Mar 4, 2021",13,139.24,,0,
VGP.BR,VGP NV,Sell,"Oct 13, 2022",30,68.22,,0,
OFS,OFS Capital Corp,Buy,"Jan 19, 2018",110,12.12,,0,
SEV.PA,Suez SA,Buy,"Jan 22, 2018",75,13.96,,0,
SEV.PA,Suez SA,Buy,"Jan 24, 2018",45,12,,0,
SEV.PA,Suez SA,Buy,"Feb 6, 2018",65,11.54,,0,
SEV.PA,Suez SA,Buy,"Mar 9, 2020",100,13.86,,0,
SEV.PA,Suez SA,Buy,"Mar 30, 2020",140,9.7,,0,
SEV.PA,Suez SA,Buy,"May 4, 2020",115,10.14,,0,
SEV.PA,Suez SA,Sell,"Apr 12, 2021",240,19.29,,0,
SEV.PA,Suez SA,Sell,"Jan 18, 2022",300,19.85,,0,
ECONB.BR,Econocom Group SE,Buy,"Jan 22, 2018",160,6.664,,0,
ECONB.BR,Econocom Group SE,Buy,"Mar 5, 2018",165,6.24,,0,
ECONB.BR,Econocom Group SE,Buy,"Apr 20, 2018",180,5.56,,0,
ECONB.BR,Econocom Group SE,Buy,"Jul 6, 2018",310,3.475,,0,
ECONB.BR,Econocom Group SE,Buy,"Dec 6, 2019",450,2.28,,0,
ECONB.BR,Econocom Group SE,Sell,"Oct 17, 2022",1265,2.81,,0,
CEN.PA,Groupe CRIT SA,Buy,"Jan 22, 2018",14,76.16,,0,
CEN.PA,Groupe CRIT SA,Buy,"Mar 23, 2018",25,63.61,,0,
NOKIA.HE,Nokia Oyj,Buy,"Jan 23, 2018",350,4.077,,0,
NOKIA.HE,Nokia Oyj,Buy,"May 7, 2019",275,4.52,,0,
NOKIA.HE,Nokia Oyj,Buy,"Aug 28, 2019",270,4.52,,0,
NOKIA.HE,Nokia Oyj,Sell,"May 7, 2021",895,4.16,,0,
STMPA.PA,STMicroelectronics NV,Buy,"Jan 24, 2018",55,19.37,,0,
STMPA.PA,STMicroelectronics NV,Sell,"May 15, 2018",55,20.49,,0,
STMPA.PA,STMicroelectronics NV,Buy,"Jan 28, 2021",62,32.77,,0,
STMPA.PA,STMicroelectronics NV,Buy,"Mar 3, 2021",50,30.8,,0,
STMPA.PA,STMicroelectronics NV,Buy,"May 3, 2021",50,30.9,,0,
STMPA.PA,STMicroelectronics NV,Sell,"Jan 7, 2022",82,45.32,,0,
F,Ford Motor Company,Buy,"Jan 24, 2018",135,12.132,,0,
F,Ford Motor Company,Sell,"Apr 29, 2020",135,5.2,,0,
VWS.DE,Vestas Wind Systems A/S,Buy,"Jan 29, 2018",21,54.67,,0,
VWS.DE,Vestas Wind Systems A/S,Sell,"Nov 7, 2019",21,79.57,,0,
CELG,Celgene Corporation,Buy,"Jan 29, 2018",30,104,,0,
CELG,Celgene Corporation,Sell,"Apr 16, 2019",30,94.26,,0,
T,AT&T Inc.,Buy,"Feb 6, 2018",38,36.444,,0,
NTR,Nutrien Ltd.,Buy,"Feb 6, 2018",35,46.514,,0,
NTR,Nutrien Ltd.,Sell,"Mar 18, 2021",35,59.06,,0,
CS.PA,Axa SA,Buy,"Feb 9, 2018",42,25.42,,0,
CS.PA,Axa SA,Buy,"Feb 9, 2018",42,25.52,,0,
CS.PA,Axa SA,Buy,"Mar 5, 2018",33,24.159,,0,
CS.PA,Axa SA,Buy,"Apr 4, 2018",35,21.653,,0,
CS.PA,Axa SA,Buy,"Aug 8, 2018",55,21.913,,0,
CS.PA,Axa SA,Buy,"Mar 6, 2020",60,20.03,,0,
CS.PA,Axa SA,Buy,"Sep 9, 2020",80,17.59,,0,
CS.PA,Axa SA,Buy,"Dec 2, 2020",80,19.89,,0,
CS.PA,Axa SA,Buy,"Sep 20, 2021",80,22.7,,0,
CS.PA,Axa SA,Buy,"Sep 20, 2021",85,22.59,,0,
CS.PA,Axa SA,Buy,"Jun 10, 2022",100,22.84,,0,
CS.PA,Axa SA,Buy,"Sep 28, 2022",80,23.34,,0,
CS.PA,Axa SA,Sell,"Oct 24, 2022",172,24.46,,0,
DTE.DE,Deutsche Telekom AG,Buy,"Feb 22, 2018",100,13.05,,0,
DTE.DE,Deutsche Telekom AG,Buy,"Feb 26, 2021",110,15.2,,0,
DTE.DE,Deutsche Telekom AG,Buy,"Sep 26, 2022",110,18.05,,0,
DTE.DE,Deutsche Telekom AG,Sell,"Feb 23, 2023",150,21.2,,0,
SIE.DE,Siemens AG,Buy,"Mar 5, 2018",12,104.31,,0,
SIE.DE,Siemens AG,Buy,"Mar 12, 2020",22,76.71,,0,
SIE.DE,Siemens AG,Sell,"Aug 25, 2020",34,118.99,,0,
SIE.DE,Siemens AG,Buy,"Jun 16, 2022",22,106.2,,0,
SIE.DE,Siemens AG,Sell,"Feb 9, 2023",22,149.88,,0,
XOM,Exxon Mobil Corporation,Buy,"Mar 8, 2018",25,74.55,,0,
XOM,Exxon Mobil Corporation,Sell,"Oct 26, 2022",25,105.75,,0,
BPOST.BR,Bpost SA,Buy,"Mar 14, 2018",50,23.105,,0,
BPOST.BR,Bpost SA,Buy,"Mar 28, 2018",45,18.53,,0,
BPOST.BR,Bpost SA,Buy,"May 3, 2018",51,16.05,,0,
BPOST.BR,Bpost SA,Buy,"Dec 4, 2018",120,9.012,,0,
BPOST.BR,Bpost SA,Buy,"Nov 23, 2020",135,9.9,,0,
BPOST.BR,Bpost SA,Sell,"Sep 30, 2024",401,2.58,,0,
VIRP.PA,Virbac SA,Buy,"Mar 16, 2018",10,106.543,,0,
VIRP.PA,Virbac SA,Sell,"Sep 17, 2019",10,188.36,,0,
MDM.PA,Maisons du Monde SA,Buy,"Mar 16, 2018",35,30.624,,0,
MDM.PA,Maisons du Monde SA,Buy,"Jun 15, 2020",125,10.63,,0,
MDM.PA,Maisons du Monde SA,Sell,"Dec 2, 2020",160,15.09,,0,
VIE.PA,Veolia Environnement S.A.,Buy,"Mar 20, 2018",60,19.29,,0,
VIE.PA,Veolia Environnement S.A.,Buy,"Mar 11, 2020",59,23.45,,0,
VIE.PA,Veolia Environnement S.A.,Buy,"Mar 16, 2020",90,16.97,,0,
VIE.PA,Veolia Environnement S.A.,Buy,"Aug 28, 2020",80,19.09,,0,
VIE.PA,Veolia Environnement S.A.,Buy,"Sep 29, 2020",70,18.1,,0,
VIE.PA,Veolia Environnement S.A.,Buy,"Feb 16, 2021",70,23.03,,0,
VIE.PA,Veolia Environnement S.A.,Buy,"Mar 3, 2021",70,22.32,,0,
VIE.PA,Veolia Environnement S.A.,Buy,"Oct 8, 2021",92,22.7,,0,
VIE.PA,Veolia Environnement S.A.,Buy,"Aug 3, 2022",80,24.18,,0,
VIE.PA,Veolia Environnement S.A.,Buy,"Sep 27, 2022",100,19.72,,0,
VIE.PA,Veolia Environnement S.A.,Sell,"Oct 24, 2022",221,22.08,,0,
VIE.PA,Veolia Environnement S.A.,Buy,"Nov 17, 2022",80,24.48,,0,
VIE.PA,Veolia Environnement S.A.,Buy,"Dec 20, 2022",100,24.05,,0,
RRTL.DE,RTL Group SA,Buy,"Mar 22, 2018",18,67.89,,0,
RRTL.DE,RTL Group SA,Buy,"Nov 21, 2019",33,42.04,,0,
RRTL.DE,RTL Group SA,Sell,"Feb 10, 2021",51,51.73,,0,
AKA.PA,Akka Technologies,Buy,"Mar 22, 2018",20,52.97,,0,
AKA.PA,Akka Technologies,Sell,"Feb 8, 2021",20,24.12,,0,
AGN.AS,AEGON NV,Buy,"Mar 22, 2018",230,5.51,,0,
AGN.AS,AEGON NV,Buy,"Aug 20, 2018",200,5.32,,0,
AGN.AS,AEGON NV,Buy,"Dec 11, 2020",420,3,,0,
AGN.AS,AEGON NV,Sell,"Oct 27, 2022",850,4.72,,0,
AGN.AS,AEGON NV,Buy,"Apr 25, 2023",500,4.12,,0,
NESN.SW,Nestle SA,Buy,"Mar 26, 2018",20,75.05,,0,
NESN.SW,Nestle SA,Buy,"Dec 14, 2020",22,100.64,,0,
NESN.SW,Nestle SA,Buy,"Jan 12, 2021",21,101.82,,0,
ABCA.PA,ABC Arbitrage SA,Buy,"Mar 28, 2018",180,6.78,,0,
ABCA.PA,ABC Arbitrage SA,Buy,"Mar 13, 2020",250,5.76,,0,
ABCA.PA,ABC Arbitrage SA,Buy,"Mar 29, 2021",200,7.47,,0,
ABCA.PA,ABC Arbitrage SA,Buy,"Dec 2, 2021",200,7.15,,0,
ABCA.PA,ABC Arbitrage SA,Buy,"May 18, 2022",250,7.21,,0,
SO.PA,Somfy SA,Buy,"Mar 28, 2018",12,84.605,,0,
SO.PA,Somfy SA,Sell,"Jul 22, 2020",12,91.46,,0,
NK.PA,Imerys SA,Buy,"Apr 12, 2018",14,78.12,,0,
NK.PA,Imerys SA,Buy,"Dec 18, 2019",35,37.2,,0,
NK.PA,Imerys SA,Buy,"Feb 25, 2020",35,38.01,,0,
NK.PA,Imerys SA,Buy,"Jun 10, 2020",40,32.56,,0,
NK.PA,Imerys SA,Buy,"Jun 12, 2020",6,21.19,,0,
NK.PA,Imerys SA,Buy,"Jan 27, 2021",35,40.22,,0,
NK.PA,Imerys SA,Sell,"Oct 24, 2022",80,37.8,,0,
NK.PA,Imerys SA,Buy,"Jan 24, 2023",45,39.55,,0,
NK.PA,Imerys SA,Buy,"Jun 16, 2023",60,36.07,,0,
ELIS.PA,Elis SA,Buy,"Apr 13, 2018",60,19.2,,0,
ELIS.PA,Elis SA,Buy,"Nov 19, 2018",60,17.42,,0,
ELIS.PA,Elis SA,Buy,"Mar 12, 2020",120,12.44,,0,
ELIS.PA,Elis SA,Buy,"Jun 11, 2020",100,11.64,,0,
ELIS.PA,Elis SA,Buy,"Mar 9, 2021",110,14.32,,0,
ELIS.PA,Elis SA,Buy,"Apr 23, 2021",100,14.92,,0,
ELIS.PA,Elis SA,Sell,"Nov 23, 2021",275,15.11,,0,
ELIS.PA,Elis SA,Sell,"Dec 8, 2021",275,14.87,,0,
GLPG.AS,Galapagos NA,Buy,"Apr 16, 2018",13,80.22,,0,
GLPG.AS,Galapagos NA,Sell,"Dec 23, 2020",13,80.54,,0,
APAM.AS,Aperam SA,Buy,"Apr 17, 2018",27,41.81,,0,
APAM.AS,Aperam SA,Buy,"Oct 1, 2019",50,22.37,,0,
APAM.AS,Aperam SA,Buy,"Nov 17, 2020",40,31.2,,0,
APAM.AS,Aperam SA,Sell,"Jan 16, 2026",117,35.96,,0,
ONTEX.BR,Ontex Group NV,Buy,"Apr 18, 2018",50,21.30,,0,
ONTEX.BR,Ontex Group NV,Buy,"Jan 27, 2020",75,15.65,,0,
ONTEX.BR,Ontex Group NV,Buy,"Feb 27, 2020",80,13.59,,0,
ONTEX.BR,Ontex Group NV,Sell,"Apr 30, 2020",105,16.42,,0,
ONTEX.BR,Ontex Group NV,Buy,"Dec 21, 2020",120,10.5,,0,
ONTEX.BR,Ontex Group NV,Sell,"Oct 18, 2022",220,5.35,,0,
KENDR.AS,Kendrion NV,Buy,"Apr 18, 2018",30,35.1,,0,
KENDR.AS,Kendrion NV,Buy,"May 13, 2020",120,9.82,,0,
KLAC,KLA-Tencor Corporation,Buy,"Apr 19, 2018",18,106.24,,0,
KLAC,KLA-Tencor Corporation,Sell,"Aug 14, 2020",9,212.86,,0,
KLAC,KLA-Tencor Corporation,Sell,"Mar 16, 2021",9,302.43,,0,
PG,The Procter & Gamble Company,Buy,"Apr 19, 2018",20,76.271,,0,
TFI.PA,TF 1,Buy,"Apr 26, 2018",100,10.283,,0,
TFI.PA,TF 1,Buy,"Jan 28, 2020",200,7.17,,0,
TFI.PA,TF 1,Buy,"Jun 11, 2020",220,5.36,,0,
TFI.PA,TF 1,Sell,"Jan 7, 2021",520,7.14,,0,
LIGHT.AS,Philips Lighting N.V.,Buy,"Apr 26, 2018",40,26.84,,0,
LIGHT.AS,Philips Lighting N.V.,Sell,"Nov 7, 2019",40,27.22,,0,
QFG.BR,Quest for Growth Belgium,Buy,"Apr 27, 2018",140,7.62,,0,
QFG.BR,Quest for Growth Belgium,Sell,"Dec 7, 2021",140,7.78,,0,
JNJ,Johnson and Johnson,Buy,"May 3, 2018",18,124.084,,0,
JNJ,Johnson and Johnson,Buy,"Mar 11, 2021",15,160.88,,0,
MMB.PA,Lagardere Groupe,Buy,"May 8, 2018",60,22.93,,0,
MMB.PA,Lagardere Groupe,Buy,"Feb 12, 2019",55,22.3,,0,
MMB.PA,Lagardere Groupe,Buy,"Nov 6, 2019",65,19.52,,0,
MMB.PA,Lagardere Groupe,Buy,"Jun 9, 2020",100,13.64,,0,
MMB.PA,Lagardere Groupe,Sell,"Sep 25, 2020",130,19.27,,0,
MMB.PA,Lagardere Groupe,Sell,"Oct 6, 2020",150,27.2,,0,
ALHRG.PA,Herige,Buy,"May 16, 2018",27,42.11,,0,
ALHRG.PA,Herige,Sell,"Mar 31, 2023",27,37.00,,0,
RUI.PA,Rubis,Buy,"May 25, 2018",20,60.497,,0,
RUI.PA,Rubis,Buy,"Feb 11, 2019",22,50.87,,0,
RUI.PA,Rubis,Buy,"Jan 3, 2020",22,55.23,,0,
RUI.PA,Rubis,Buy,"Mar 16, 2020",40,34.96,,0,
RUI.PA,Rubis,Buy,"Jul 10, 2020",30,40.97,,0,
RUI.PA,Rubis,Buy,"Mar 18, 2021",40,40.8,,0,
ATUS,Altice USA,Buy,"Jun 18, 2018",29,17.50,,0,
ATUS,Altice USA,Sell,"Nov 23, 2020",29,33.98,,0,
ATO.PA,Atos SE,Buy,"Jun 19, 2018",10,119.589,,0,
ATO.PA,Atos SE,Buy,"Nov 20, 2018",15,70.09,,0,
ATO.PA,Atos SE,Sell,"Apr 17, 2019",25,92.32,,0,
ATO.PA,Atos SE,Buy,"May 3, 2019",18,69.46,,0,
ATO.PA,Atos SE,Buy,"Sep 18, 2019",18,64.57,,0,
ATO.PA,Atos SE,Buy,"Nov 13, 2019",17,73.33,,0,
ATO.PA,Atos SE,Buy,"Sep 8, 2020",20,70.53,,0,
ATO.PA,Atos SE,Buy,"Feb 18, 2021",25,64.11,,0,
ATO.PA,Atos SE,Buy,"Apr 1, 2021",35,58.24,,0,
ATO.PA,Atos SE,Buy,"Jul 13, 2021",40,43.29,,0,
ATO.PA,Atos SE,Sell,"Aug 6, 2021",60,41.49,,0,
ATO.PA,Atos SE,Sell,"Jul 8, 2022",113,11.81,,0,
PAH3.DE,Porsche Automobil Holding,Buy,"Jun 26, 2018",22,56.24,,0,
PAH3.DE,Porsche Automobil Holding,Buy,"Mar 12, 2020",35,46.04,,0,
PAH3.DE,Porsche Automobil Holding,Buy,"May 14, 2020",35,41.02,,0,
PAH3.DE,Porsche Automobil Holding,Sell,"Mar 8, 2021",35,75.65,,0,
PAH3.DE,Porsche Automobil Holding,Buy,"Nov 30, 2022",53,58.93,,0,
PAH3.DE,Porsche Automobil Holding,Buy,"Jan 31, 2023",60,55.05,,0,
PAH3.DE,Porsche Automobil Holding,Buy,"Apr 25, 2023",40,51.18,,0,
PAH3.DE,Porsche Automobil Holding,Sell,"Feb 7, 2025",210,36.82,,0,
TUI1.DE,TUI,Buy,"Sep 14, 2018",120,15.31,,0,
TUI1.DE,TUI,Buy,"Dec 20, 2018",85,12.56,,0,
TUI1.DE,TUI,Buy,"Feb 13, 2019",120,9.83,,0,
TUI1.DE,TUI,Sell,"May 28, 2020",325,6.22,,0,
MELE.BR,Melexis,Buy,"Oct 24, 2018",25,50.82,,0,
MELE.BR,Melexis,Buy,"Mar 12, 2020",32,51,,0,
MELE.BR,Melexis,Buy,"Apr 1, 2020",35,47.37,,0,
MELE.BR,Melexis,Sell,"Apr 1, 2020",32,91.57,,0,
MELE.BR,Melexis,Buy,"May 11, 2022",25,73.14,,0,
MELE.BR,Melexis,Buy,"Feb 7, 2025",35,55.3,,0,
TWEKA.AS,TKH Group N.V.,Buy,"Mar 21, 2019",30,43.877,,0,
TWEKA.AS,TKH Group N.V.,Buy,"Mar 6, 2020",35,38.01,,0,
TWEKA.AS,TKH Group N.V.,Buy,"Aug 20, 2020",40,32.86,,0,
TWEKA.AS,TKH Group N.V.,Buy,"Oct 2, 2020",40,31.43,,0,
AALB.AS,Aalberts Industries N.V.,Buy,"Mar 21, 2019",40,32.06,,0,
AALB.AS,Aalberts Industries N.V.,Buy,"Mar 12, 2020",55,25.45,,0,
AALB.AS,Aalberts Industries N.V.,Sell,"Oct 13, 2022",95,31.2,,0,
RNO.PA,Renault,Buy,"Apr 24, 2019",22,61.72,,0,
RNO.PA,Renault,Buy,"Jun 3, 2020",60,23.67,,0,
RNO.PA,Renault,Sell,"Jan 26, 2021",82,33.98,,0,
AMG.AS,AMG Advanced Metallurgical Group,Buy,"Apr 25, 2019",50,27.81,,0,
AMG.AS,AMG Advanced Metallurgical Group,Sell,"Feb 9, 2021",50,28.32,,0,
EN.PA,Bouygues,Buy,"Apr 30, 2019",38,33.83,,0,
EN.PA,Bouygues,Buy,"Mar 12, 2020",65,26.74,,0,
EN.PA,Bouygues,Buy,"Mar 2, 2021",45,34.4,,0,
EN.PA,Bouygues,Buy,"May 26, 2021",55,33.56,,0,
EN.PA,Bouygues,Buy,"Jun 3, 2021",55,33.79,,0,
EN.PA,Bouygues,Buy,"Nov 8, 2021",55,35.2,,0,
EN.PA,Bouygues,Buy,"Nov 17, 2021",60,32.77,,0,
EN.PA,Bouygues,Buy,"Nov 18, 2021",60,31.97,,0,
EN.PA,Bouygues,Buy,"Mar 7, 2022",70,29.83,,0,
EN.PA,Bouygues,Sell,"Nov 8, 2022",153,29.62,,0,
EN.PA,Bouygues,Sell,"May 15, 2024",100,36.35,,0,
EN.PA,Bouygues,Sell,"Oct 15, 2024",100,41.37,,0,
BCART.BR,Biocartis Group NV,Buy,"Aug 14, 2019",120,10.12,,0,
BCART.BR,Biocartis Group NV,Buy,"Nov 26, 2019",150,6.21,,0,
BCART.BR,Biocartis Group NV,Sell,"Mar 22, 2021",270,4.6,,0,
BABA,Alibaba,Buy,"Sep 6, 2019",12,180.53,,0,
BABA,Alibaba,Buy,"Mar 18, 2020",13,172.82,,0,
BABA,Alibaba,Buy,"May 10, 2021",8,222.25,,0,
AMZN,Amazon,Buy,"Sep 16, 2019",1,1822.13,,0,
AMZN,Amazon,Buy,"Mar 22, 2021",1,3093.71,,0,
AMZN,Amazon,Sell,"Jun 7, 2022",2,2457.92,,0,
AMZN,Amazon,Buy,"Jun 7, 2022",40,122.9,,0,
AMZN,Amazon,Sell,"Jul 29, 2022",40,135.27,,0,
CHKP,Check Point,Buy,"Sep 24, 2019",17,109.01,,0,
CHKP,Check Point,Sell,"Oct 28, 2022",17,126.18,,0,
WDI.DE,Wirecard AG,Buy,"Oct 2, 2019",9,144.58,,0,
WDI.DE,Wirecard AG,Sell,"Jun 18, 2020",9,37.78,,0,
SAVE.PA,Savencia SA,Buy,"Nov 12, 2019",30,60.45,,0,
SAVE.PA,Savencia SA,Buy,"Feb 5, 2021",23,61.24,,0,
SAVE.PA,Savencia SA,Sell,"Oct 7, 2021",53,63.98,,0,
VOD.L,Vodafone PLC,Buy,"Nov 12, 2019",1125,162.9,,0,
VOD.L,Vodafone PLC,Buy,"Apr 3, 2020",1100,111.2,,0,
VOD.L,Vodafone PLC,Buy,"Feb 2, 2023",2050,93.02,,0,
VOD.L,Vodafone PLC,Sell,"Jan 16, 2026",4275,100.44,,0,
RF.PA,Eurazeo SE,Buy,"Nov 15, 2019",22,62.66,,0,
RF.PA,Eurazeo SE,Buy,"Mar 9, 2020",23,58.63,,0,
RF.PA,Eurazeo SE,Buy,"Mar 16, 2020",30,44.18,,0,
RF.PA,Eurazeo SE,Buy,"Mar 20, 2020",25,41.43,,0,
RF.PA,Eurazeo SE,Buy,"Mar 11, 2021",25,65.37,,0,
RF.PA,Eurazeo SE,Buy,"Dec 2, 2021",25,75.8,,0,
JUN3.DE,Jungheinrich,Buy,"Oct 31, 2023",120,25.31,,0,
JUN3.DE,Jungheinrich,Sell,"Dec 14, 2023",120,32.11,,0,
KWEB.AS,KraneShares CSI China Internet UCITS ETF,Buy,"Mar 7, 2023",170,20.91,,0,
KWEB.AS,KraneShares CSI China Internet UCITS ETF,Sell,"Oct 24, 2024",170,21.59,,0,
SPYG.DE,SPDR S&P UK Dividend Aristocrats UCITS ETF,Buy,"Nov 9, 2022",300,11.08,,0,
SPYG.DE,SPDR S&P UK Dividend Aristocrats UCITS ETF,Sell,"Nov 29, 2024",300,13.11,,0,
COLR.BR,Colruyt,Buy,"Jun 8, 2022",80,29.21,,0,
COLR.BR,Colruyt,Sell,"Sep 7, 2022",80,30.46,,0,
RMS.PA,Hermes,Buy,"May 6, 2022",2,1033.52,,0,
RMS.PA,Hermes,Sell,"Nov 15, 2022",2,1447.02,,0,
PHIA.AS,Philips,Buy,"Mar 11, 2022",80,28.95,,0,
PHIA.AS,Philips,Buy,"Oct 24, 2022",120,13.03,,0,
PHIA.AS,Philips,Sell,"Apr 24, 2023",200,19.15,,0,
IQQQ.DE,iShares Global Water UCITS ETF USD (Dist),Buy,"Dec 20, 2021",35,60.55,,0,
IQQQ.DE,iShares Global Water UCITS ETF USD (Dist),Sell,"Nov 29, 2024",35,65.66,,0,
VOW3.DE,Volkswagen AG,Buy,"Jul 12, 2021",11,217.24,,0,
VOW3.DE,Volkswagen AG,Buy,"Nov 24, 2021",12,174.02,,0,
VOW3.DE,Volkswagen AG,Buy,"Jan 24, 2022",11,185.73,,0,
VOW3.DE,Volkswagen AG,Buy,"Feb 11, 2022",13,185.59,,0,
VOW3.DE,Volkswagen AG,Buy,"Mar 14, 2022",13,150.77,,0,
VOW3.DE,Volkswagen AG,Buy,"May 6, 2022",15,146.36,,0,
VOW3.DE,Volkswagen AG,Sell,"Nov 29, 2022",75,135.19,,0,
SAF.PA,Safran SA,Buy,"May 19, 2021",13,116.75,,0,
SAF.PA,Safran SA,Sell,"Oct 26, 2022",13,111.46,,0,
STLAP.PA,Stellantis N.V.,Buy,"May 10, 2021",135,15.12,,0,
STLAP.PA,Stellantis N.V.,Buy,"Jan 10, 2022",110,18.32,,0,
STLAP.PA,Stellantis N.V.,Buy,"May 5, 2022",180,13.26,,0,
STLAP.PA,Stellantis N.V.,Buy,"Aug 24, 2022",150,14.01,,0,
STLAP.PA,Stellantis N.V.,Buy,"Dec 20, 2022",125,13.32,,0,
STLAP.PA,Stellantis N.V.,Sell,"Oct 1, 2024",350,12.48,,0,
STLAP.PA,Stellantis N.V.,Sell,"Dec 5, 2024",350,12.3,,0,
FR.PA,Valeo SE,Buy,"May 10, 2021",72,28.23,,0,
FR.PA,Valeo SE,Buy,"May 13, 2021",70,25.73,,0,
FR.PA,Valeo SE,Buy,"Jan 13, 2022",60,26.16,,0,
FR.PA,Valeo SE,Sell,"Oct 14, 2022",202,16.02,,0,
BVI.PA,Bureau Veritas SA,Buy,"Apr 26, 2021",80,25.21,,0,
BVI.PA,Bureau Veritas SA,Sell,"Jan 19, 2022",80,26.54,,0,
SOI.PA,Soitec S.A.,Buy,"Apr 26, 2021",12,171.61,,0,
SOI.PA,Soitec S.A.,Sell,"Oct 14, 2022",12,119.27,,0,
FRVIA.PA,Forvia SE,Buy,"Mar 24, 2021",45,44.97,,0,
FRVIA.PA,Forvia SE,Buy,"Jun 1, 2021",40,46.1,,0,
FRVIA.PA,Forvia SE,Buy,"Jan 10, 2023",120,17.38,,0,
FRVIA.PA,Forvia SE,Sell,"Dec 3, 2024",205,7.51,,0,
ILD.PA,Iliad S.A.,Buy,"Mar 18, 2021",13,160.2,,0,
ILD.PA,Iliad S.A.,Sell,"Aug 3, 2021",13,180.86,,0,
ELI.BR,Elia Group SA/NV,Buy,"Mar 3, 2021",20,85.86,,0,
ELI.BR,Elia Group SA/NV,Sell,"Jul 14, 2022",20,145.5,,0,
ELI.BR,Elia Group SA/NV,Buy,"Oct 20, 2025",23,106.75,,0,
MRK,Merck & Co. Inc.,Buy,"Mar 2, 2021",37,73.06,,0,
MRK,Merck & Co. Inc.,Sell,"May 11, 2021",37,78,,0,
TE.PA,Technip Energies B.V.,Buy,"Feb 22, 2021",6,11.52,,0,
TE.PA,Technip Energies B.V.,Sell,"Mar 11, 2021",6,10.93,,0,
FDJ.PA,Francaise des Jeux,Buy,"Feb 17, 2021",45,37.55,,0,
FDJ.PA,Francaise des Jeux,Sell,"Feb 16, 2022",45,38.15,,0,
RXL.PA,Rexel S.A.,Buy,"Feb 10, 2021",120,13.63,,0,
RXL.PA,Rexel S.A.,Sell,"Jul 20, 2022",120,16.06,,0,
,Cash,Deposit Cash,"Jul 13, 2015",,,,35.00,fusion lafarge
,Cash,Deposit Cash,"Jul 20, 2015",,,,346.88,Koninklijke Ten Cate NV
,Cash,Deposit Cash,"Sep 7, 2015",,,,208.01,Compagnie Maritime Belge SA
,Cash,Deposit Cash,"May 23, 2017",,,,968.00,vente Arcelor Mittal
,Cash,Deposit Cash,"Jan 16, 2017",,,,146.63,vente technip
,Cash,Deposit Cash,"Jan 16, 2017",,,,-73.6,vente delta lloyd
,Cash,Deposit Cash,"Dec 20, 2017",,,,-147,vente potash
,Cash,Deposit Cash,"Oct 26, 2017",,,,1515,vente ablynx